1755405964844,0.272782,-0.041276,9.868001
1755405964846,0.265603,-0.043669,9.889536
1755405964847,0.275175,-0.017348,9.88475
1755405964848,0.282353,-0.010169,9.879965
1755405964848,0.308674,0.001795,9.9015
1755405964849,0.267996,-0.012562,9.894321
1755405964850,0.275175,-0.029312,9.887143
1755405964851,0.311067,0.013759,9.889536
1755405964851,0.289532,-0.002991,9.870394
1755405964852,0.253639,0.001795,9.88475
1755405964853,0.284746,-0.024526,9.860822
1755405964854,0.287139,-0.029312,9.877572
1755405964854,0.27996,-0.002991,9.891929
1755405964855,0.29671,-0.000598,9.903893
1755405964856,0.260818,-0.010169,9.879965
1755405964857,0.275175,-0.012562,9.863214
1755405964857,0.27996,-0.010169,9.868001
1755405964858,0.287139,-0.024526,9.872787
1755405964859,0.299103,-0.031705,9.860822
1755405964859,0.275175,-0.002991,9.911072
1755405964860,0.27996,-0.010169,9.903893
1755405964861,0.275175,-0.019741,9.868001
1755405964862,0.287139,-0.034098,9.889536
1755405964863,0.27996,-0.038883,9.872787
1755405964863,0.27996,-0.019741,9.887143
1755405964864,0.270389,-0.048455,9.868001
1755405964865,0.277567,0.001795,9.872787
1755405964866,0.27996,-0.019741,9.882358
1755405964867,0.277567,-0.005384,9.896714
1755405964867,0.299103,-0.005384,9.879965
1755405964868,0.31346,-0.017348,9.879965
1755405964869,0.263211,0.00658,9.882358
1755405964870,0.270389,-0.036491,9.891929
1755405964870,0.294317,-0.046062,9.882358
1755405964871,0.275175,-0.002991,9.894321
1755405964871,0.29671,-0.000598,9.903893
1755405964871,0.301496,-0.041276,9.896714
1755405964871,0.275175,-0.031705,9.88475
1755405964872,0.277567,-0.043669,9.899107
1755405964872,0.294317,-0.026919,9.865608
1755405964872,0.284746,-0.022134,9.872787
1755405964873,0.275175,-0.010169,9.894321
1755405964873,0.275175,-0.000598,9.870394
1755405964873,0.287139,-0.012562,9.870394
1755405964874,0.308674,-0.026919,9.891929
1755405964874,0.27996,-0.036491,9.868001
1755405964874,0.27996,-0.005384,9.870394
1755405964875,0.294317,-0.031705,9.860822
1755405964875,0.256032,-0.012562,9.889536
1755405964875,0.299103,0.001795,9.870394
1755405964876,0.267996,-0.017348,9.875179
1755405964877,0.27996,-0.022134,9.865608
1755405964880,0.277567,-0.017348,9.889536
1755405964882,0.275175,-0.010169,9.868001
1755405964884,0.311067,-0.036491,9.891929
1755405964887,0.29671,-0.017348,9.870394
1755405964889,0.282353,-0.012562,9.868001
1755405964891,0.27996,-0.017348,9.88475
1755405964894,0.277567,-0.046062,9.879965
1755405964896,0.263211,-0.002991,9.88475
1755405964898,0.294317,-0.017348,9.860822
1755405964901,0.263211,-0.012562,9.865608
1755405964903,0.267996,-0.031705,9.882358
1755405964905,0.306281,-0.019741,9.872787
1755405964908,0.308674,0.004187,9.896714
1755405964910,0.294317,-0.026919,9.899107
1755405964913,0.265603,-0.024526,9.903893
1755405964915,0.275175,-0.034098,9.875179
1755405964917,0.294317,0.004187,9.865608
1755405964920,0.287139,0.00658,9.889536
1755405964922,0.294317,0.008973,9.860822
1755405964925,0.27996,-0.017348,9.887143
1755405964928,0.282353,-0.034098,9.903893
1755405964929,0.306281,-0.010169,9.872787
1755405964932,0.260818,-0.038883,9.853643
1755405964934,0.289532,-0.017348,9.870394
1755405964937,0.284746,-0.031705,9.9015
1755405964944,0.263211,0.001795,9.894321
1755405964945,0.248854,-0.012562,9.879965
1755405964946,0.29671,-0.012562,9.877572
1755405964946,0.291924,-0.034098,9.868001
1755405964948,0.277567,-0.019741,9.879965
1755405964951,0.31346,-0.022134,9.875179
1755405964953,0.311067,-0.010169,9.887143
1755405964956,0.301496,-0.034098,9.906285
1755405964958,0.265603,-0.024526,9.88475
1755405964961,0.27996,-0.024526,9.882358
1755405964963,0.291924,-0.000598,9.868001
1755405964965,0.315853,-0.019741,9.868001
1755405964968,0.308674,-0.017348,9.899107
1755405964970,0.294317,-0.022134,9.894321
1755405964973,0.29671,-0.024526,9.899107
1755405964975,0.260818,-0.010169,9.88475
1755405964978,0.27996,-0.012562,9.887143
1755405964980,0.260818,-0.002991,9.887143
1755405964983,0.291924,-0.022134,9.865608
1755405964984,0.311067,-0.024526,9.868001
1755405964987,0.289532,0.020937,9.877572
1755405964989,0.267996,-0.000598,9.882358
1755405964992,0.256032,-0.010169,9.9015
1755405964995,0.287139,-0.022134,9.891929
1755405964996,0.303888,-0.046062,9.856036
1755405964999,0.299103,-0.007777,9.865608
1755405965001,0.29671,-0.026919,9.872787
1755405965004,0.284746,-0.024526,9.882358
1755405965007,0.303888,-0.019741,9.894321
1755405965009,0.301496,-0.010169,9.851251
1755405965011,0.282353,-0.036491,9.870394
1755405965013,0.284746,-0.012562,9.877572
1755405965016,0.31346,-0.000598,9.875179
1755405965018,0.303888,-0.000598,9.875179
1755405965020,0.31346,0.004187,9.88475
1755405965024,0.282353,-0.022134,9.879965
1755405965026,0.263211,-0.024526,9.887143
1755405965028,0.284746,-0.014955,9.877572
1755405965030,0.306281,-0.022134,9.889536
1755405965032,0.275175,-0.014955,9.870394
1755405965035,0.27996,-0.014955,9.877572
1755405965037,0.291924,0.020937,9.891929
1755405965040,0.270389,-0.000598,9.88475
1755405965043,0.256032,-0.024526,9.877572
1755405965045,0.263211,-0.014955,9.882358
1755405965047,0.287139,0.004187,9.882358
1755405965049,0.301496,-0.010169,9.903893
1755405965052,0.291924,-0.043669,9.891929
1755405965054,0.275175,0.008973,9.889536
1755405965057,0.284746,-0.017348,9.896714
1755405965060,0.303888,-0.026919,9.868001
1755405965062,0.277567,-0.007777,9.856036
1755405965064,0.29671,-0.017348,9.860822
1755405965066,0.287139,-0.012562,9.894321
1755405965068,0.303888,0.013759,9.889536
1755405965071,0.277567,0.001795,9.858429
1755405965074,0.277567,-0.019741,9.860822
1755405965076,0.258425,-0.010169,9.887143
1755405965079,0.287139,0.018544,9.88475
1755405965080,0.275175,0.004187,9.879965
1755405965083,0.301496,-0.010169,9.865608
1755405965085,0.287139,-0.014955,9.894321
1755405965088,0.284746,-0.019741,9.891929
1755405965091,0.267996,-0.038883,9.891929
1755405965093,0.289532,0.004187,9.891929
1755405965095,0.294317,-0.026919,9.858429
1755405965097,0.277567,-0.010169,9.872787
1755405965100,0.306281,-0.026919,9.88475
1755405965102,0.323031,-0.005384,9.875179
1755405965105,0.311067,-0.014955,9.88475
1755405965109,0.282353,-0.046062,9.875179
1755405965110,0.306281,-0.029312,9.875179
1755405965113,0.289532,-0.002991,9.887143
1755405965114,0.287139,-0.038883,9.868001
1755405965117,0.323031,-0.034098,9.903893
1755405965119,0.282353,-0.034098,9.896714
1755405965121,0.282353,-0.031705,9.865608
1755405965125,0.258425,-0.012562,9.891929
1755405965126,0.277567,-0.024526,9.88475
1755405965129,0.284746,0.004187,9.856036
1755405965131,0.282353,-0.005384,9.865608
1755405965133,0.289532,-0.007777,9.877572
1755405965136,0.251246,-0.022134,9.879965
1755405965138,0.265603,-0.014955,9.863214
1755405965140,0.294317,-0.010169,9.887143
1755405965143,0.308674,-0.005384,9.877572
1755405965147,0.277567,-0.024526,9.887143
1755405965148,0.287139,-0.022134,9.889536
1755405965150,0.272782,-0.014955,9.879965
1755405965152,0.291924,-0.014955,9.875179
1755405965155,0.29671,0.004187,9.865608
1755405965157,0.27996,-0.014955,9.889536
1755405965160,0.29671,-0.024526,9.875179
1755405965162,0.277567,-0.000598,9.877572
1755405965164,0.291924,-0.036491,9.88475
1755405965167,0.27996,0.00658,9.872787
1755405965169,0.320638,-0.024526,9.88475
1755405965171,0.284746,-0.005384,9.88475
1755405965174,0.294317,-0.036491,9.88475
1755405965177,0.277567,-0.024526,9.879965
1755405965179,0.315853,-0.046062,9.865608
1755405965181,0.27996,-0.048455,9.863214
1755405965183,0.29671,-0.002991,9.875179
1755405965186,0.311067,-0.024526,9.870394
1755405965188,0.29671,-0.036491,9.911072
1755405965191,0.27996,-0.002991,9.889536
1755405965193,0.284746,-0.014955,9.891929
1755405965196,0.277567,-0.019741,9.877572
1755405965199,0.301496,-0.012562,9.856036
1755405965200,0.267996,-0.026919,9.870394
1755405965202,0.277567,-0.012562,9.887143
1755405965205,0.299103,-0.014955,9.882358
1755405965207,0.31346,-0.029312,9.887143
1755405965210,0.277567,-0.014955,9.868001
1755405965213,0.270389,-0.055633,9.863214
1755405965214,0.284746,-0.024526,9.889536
1755405965217,0.244068,-0.029312,9.911072
1755405965219,0.248854,-0.036491,9.9015
1755405965222,0.299103,-0.041276,9.894321
1755405965224,0.303888,-0.034098,9.879965
1755405965227,0.289532,-0.036491,9.877572
1755405965230,0.29671,-0.012562,9.894321
1755405965231,0.265603,-0.026919,9.860822
1755405965234,0.263211,-0.029312,9.877572
1755405965236,0.315853,-0.022134,9.877572
1755405965239,0.301496,-0.034098,9.882358
1755405965241,0.272782,-0.019741,9.872787
1755405965244,0.301496,0.008973,9.877572
1755405965246,0.31346,-0.026919,9.879965
1755405965248,0.289532,-0.026919,9.891929
1755405965250,0.294317,0.001795,9.894321
1755405965253,0.299103,-0.019741,9.899107
1755405965255,0.315853,-0.019741,9.891929
1755405965258,0.311067,0.00658,9.882358
1755405965261,0.282353,-0.029312,9.863214
1755405965265,0.277567,-0.002991,9.879965
1755405965266,0.306281,-0.007777,9.844072
1755405965268,0.272782,-0.046062,9.896714
1755405965270,0.258425,-0.036491,9.877572
1755405965272,0.265603,-0.034098,9.860822
1755405965275,0.275175,-0.036491,9.856036
1755405965278,0.277567,-0.026919,9.870394
1755405965282,0.303888,-0.014955,9.853643
1755405965284,0.267996,-0.026919,9.882358
1755405965285,0.291924,-0.031705,9.899107
1755405965287,0.267996,-0.019741,9.899107
1755405965289,0.265603,-0.034098,9.870394
1755405965291,0.284746,-0.012562,9.889536
1755405965295,0.315853,-0.038883,9.882358
1755405965297,0.275175,-0.012562,9.879965
1755405965299,0.31346,-0.031705,9.88475
1755405965301,0.282353,-0.026919,9.88475
1755405965303,0.267996,-0.007777,9.887143
1755405965305,0.291924,-0.002991,9.832108
1755405965308,0.327817,-0.038883,9.865608
1755405965311,0.342174,-0.041276,9.920643
1755405965313,0.277567,-0.019741,9.889536
1755405965315,0.282353,-0.017348,9.906285
1755405965317,0.287139,-0.012562,9.88475
1755405965320,0.284746,-0.014955,9.894321
1755405965322,0.299103,-0.024526,9.863214
1755405965325,0.277567,-0.012562,9.860822
1755405965327,0.289532,-0.000598,9.875179
1755405965330,0.294317,0.018544,9.88475
1755405965333,0.244068,-0.036491,9.856036
1755405965335,0.267996,-0.034098,9.889536
1755405965337,0.282353,-0.046062,9.9015
1755405965339,0.270389,-0.000598,9.891929
1755405965342,0.258425,-0.005384,9.877572
1755405965344,0.277567,-0.024526,9.891929
1755405965347,0.27996,0.011366,9.91825
1755405965349,0.277567,-0.012562,9.868001
1755405965351,0.277567,-0.024526,9.882358
1755405965353,0.282353,-0.012562,9.879965
1755405965356,0.287139,-0.002991,9.872787
1755405965359,0.289532,-0.007777,9.875179
1755405965361,0.31346,0.004187,9.9015
1755405965363,0.291924,-0.031705,9.879965
1755405965365,0.308674,-0.026919,9.891929
1755405965368,0.275175,-0.029312,9.882358
1755405965370,0.289532,0.001795,9.896714
1755405965373,0.277567,-0.026919,9.913465
1755405965375,0.303888,-0.010169,9.889536
1755405965377,0.289532,-0.010169,9.860822
1755405965380,0.29671,0.001795,9.870394
1755405965383,0.294317,-0.012562,9.868001
1755405965385,0.303888,-0.038883,9.865608
1755405965387,0.289532,-0.043669,9.899107
1755405965390,0.282353,-0.043669,9.879965
1755405965392,0.301496,-0.022134,9.889536
1755405965394,0.282353,-0.017348,9.882358
1755405965397,0.260818,-0.014955,9.860822
1755405965399,0.287139,-0.010169,9.875179
1755405965401,0.311067,-0.019741,9.879965
1755405965404,0.318245,-0.019741,9.868001
1755405965406,0.277567,-0.012562,9.879965
1755405965409,0.287139,-0.036491,9.887143
1755405965411,0.246461,-0.036491,9.877572
1755405965414,0.265603,-0.012562,9.856036
1755405965416,0.258425,-0.007777,9.882358
1755405965418,0.291924,-0.024526,9.877572
1755405965421,0.272782,-0.019741,9.868001
1755405965423,0.284746,-0.012562,9.870394
1755405965425,0.275175,-0.007777,9.872787
1755405965428,0.277567,-0.019741,9.894321
1755405965431,0.301496,-0.029312,9.875179
1755405965434,0.306281,-0.000598,9.872787
1755405965435,0.265603,-0.017348,9.882358
1755405965437,0.301496,-0.036491,9.868001
1755405965440,0.277567,0.028116,9.911072
1755405965443,0.291924,-0.022134,9.860822
1755405965445,0.277567,-0.019741,9.879965
1755405965448,0.299103,-0.024526,9.877572
1755405965452,0.272782,-0.017348,9.860822
1755405965453,0.27996,-0.022134,9.870394
1755405965454,0.284746,-0.031705,9.863214
1755405965456,0.289532,-0.007777,9.887143
1755405965459,0.306281,-0.019741,9.872787
1755405965462,0.308674,-0.017348,9.872787
1755405965465,0.291924,-0.002991,9.858429
1755405965467,0.311067,-0.010169,9.865608
1755405965469,0.263211,-0.010169,9.839287
1755405965471,0.308674,0.020937,9.882358
1755405965473,0.31346,-0.010169,9.887143
1755405965476,0.272782,-0.019741,9.875179
1755405965478,0.287139,0.00658,9.870394
1755405965482,0.267996,-0.000598,9.88475
1755405965483,0.263211,-0.000598,9.889536
1755405965485,0.282353,-0.000598,9.879965
1755405965488,0.277567,-0.012562,9.9015
1755405965490,0.29671,-0.036491,9.879965
1755405965492,0.277567,-0.036491,9.882358
1755405965495,0.284746,-0.019741,9.879965
1755405965499,0.308674,-0.017348,9.875179
1755405965500,0.306281,-0.017348,9.863214
1755405965502,0.299103,-0.010169,9.879965
1755405965504,0.263211,0.00658,9.889536
1755405965507,0.315853,0.001795,9.856036
1755405965509,0.29671,-0.026919,9.88475
1755405965512,0.27996,-0.036491,9.877572
1755405965514,0.299103,-0.024526,9.889536
1755405965517,0.260818,0.02333,9.875179
1755405965519,0.270389,-0.041276,9.872787
1755405965521,0.27996,-0.055633,9.877572
1755405965523,0.287139,-0.031705,9.877572
1755405965526,0.267996,-0.017348,9.88475
1755405965528,0.263211,-0.010169,9.9015
1755405965531,0.303888,-0.048455,9.88475
1755405965533,0.282353,-0.062812,9.882358
1755405965536,0.275175,-0.022134,9.889536
1755405965538,0.282353,0.001795,9.875179
1755405965540,0.272782,-0.012562,9.875179
1755405965543,0.27996,-0.043669,9.891929
1755405965545,0.277567,-0.026919,9.88475
1755405965548,0.265603,-0.022134,9.870394
1755405965551,0.277567,-0.034098,9.903893
1755405965554,0.256032,-0.058026,9.891929
1755405965555,0.265603,0.001795,9.894321
1755405965557,0.289532,-0.000598,9.9015
1755405965559,0.311067,-0.012562,9.882358
1755405965562,0.318245,-0.022134,9.851251
1755405965565,0.287139,-0.019741,9.877572
1755405965568,0.29671,-0.041276,9.9015
1755405965570,0.299103,-0.050847,9.9015
1755405965572,0.251246,-0.022134,9.872787
1755405965574,0.31346,-0.014955,9.875179
1755405965576,0.29671,-0.029312,9.882358
1755405965579,0.277567,-0.034098,9.88475
1755405965581,0.306281,-0.031705,9.863214
1755405965584,0.270389,-0.010169,9.88475
1755405965586,0.267996,-0.041276,9.882358
1755405965589,0.267996,-0.014955,9.894321
1755405965591,0.267996,-0.010169,9.865608
1755405965594,0.301496,-0.014955,9.875179
1755405965595,0.263211,-0.014955,9.908679
1755405965598,0.282353,-0.026919,9.882358
1755405965601,0.289532,-0.005384,9.887143
1755405965603,0.301496,0.001795,9.903893
1755405965605,0.33021,-0.026919,9.858429
1755405965607,0.29671,-0.041276,9.925428
1755405965610,0.275175,-0.017348,9.820144
1755405965612,0.284746,-0.026919,9.896714
1755405965615,0.320638,0.001795,9.903893
1755405965618,0.31346,-0.031705,9.882358
1755405965620,0.27996,0.004187,9.920643
1755405965623,0.284746,0.008973,9.858429
1755405965624,0.275175,-0.041276,9.906285
1755405965627,0.291924,-0.012562,9.844072
1755405965629,0.260818,0.013759,9.925428
1755405965632,0.294317,0.004187,9.836894
1755405965635,0.287139,-0.007777,9.934999
1755405965637,0.349352,-0.034098,9.762716
1755405965639,0.301496,-0.05324,9.882358
1755405965641,0.320638,-0.024526,9.903893
1755405965643,0.29671,0.00658,9.899107
1755405965646,0.248854,0.011366,9.939785
1755405965648,0.289532,-0.014955,9.872787
1755405965652,0.258425,-0.048455,9.959227
1755405965653,0.284746,0.030508,9.856036
1755405965655,0.291924,-0.012562,9.798609
1755405965658,0.27996,-0.046062,9.925428
1755405965660,0.320638,0.013759,9.920643
1755405965662,0.241675,0.008973,9.860822
1755405965666,0.260818,-0.026919,9.863214
1755405965667,0.31346,-0.065204,9.832108
1755405965670,0.291924,-0.043669,9.879965
1755405965673,0.303888,0.001795,9.879965
1755405965675,0.291924,-0.010169,9.932607
1755405965677,0.291924,-0.019741,9.868001
1755405965679,0.289532,-0.041276,9.863214
1755405965682,0.275175,-0.012562,9.870394
1755405965684,0.294317,-0.007777,9.896714
1755405965686,0.263211,-0.002991,9.863214
1755405965689,0.270389,-0.002991,9.875179
1755405965691,0.284746,-0.026919,9.865608
1755405965694,0.251246,-0.041276,9.915857
1755405965696,0.303888,-0.05324,9.863214
1755405965699,0.294317,-0.055633,9.877572
1755405965701,0.320638,-0.010169,9.872787
1755405965703,0.311067,-0.019741,9.882358
1755405965706,0.289532,-0.019741,9.891929
1755405965708,0.256032,-0.048455,9.920643
1755405965710,0.267996,-0.031705,9.879965
1755405965714,0.282353,-0.005384,9.889536
1755405965716,0.308674,-0.007777,9.872787
1755405965719,0.27996,-0.022134,9.872787
1755405965722,0.27996,-0.017348,9.877572
1755405965724,0.284746,-0.019741,9.863214
1755405965726,0.267996,-0.048455,9.851251
1755405965727,0.277567,-0.026919,9.879965
1755405965730,0.287139,-0.010169,9.863214
1755405965732,0.284746,-0.031705,9.894321
1755405965734,0.287139,-0.029312,9.877572
1755405965737,0.256032,0.001795,9.887143
1755405965740,0.289532,-0.005384,9.891929
1755405965742,0.287139,-0.024526,9.882358
1755405965744,0.253639,-0.043669,9.91825
1755405965747,0.31346,-0.010169,9.870394
1755405965749,0.311067,0.00658,9.851251
1755405965751,0.263211,-0.010169,9.877572
1755405965754,0.277567,-0.034098,9.920643
1755405965756,0.258425,-0.012562,9.877572
1755405965758,0.270389,-0.026919,9.84168
1755405965761,0.284746,-0.05324,9.908679
1755405965763,0.275175,-0.034098,9.894321
1755405965766,0.291924,-0.007777,9.865608
1755405965768,0.301496,-0.007777,9.896714
1755405965771,0.327817,0.008973,9.848858
1755405965773,0.294317,-0.007777,9.923036
1755405965775,0.275175,-0.017348,9.848858
1755405965777,0.270389,-0.026919,9.899107
1755405965780,0.263211,0.013759,9.9015
1755405965782,0.294317,-0.012562,9.891929
1755405965785,0.275175,-0.026919,9.829716
1755405965788,0.301496,-0.050847,9.911072
1755405965791,0.27996,-0.034098,9.906285
1755405965792,0.284746,-0.012562,9.858429
1755405965794,0.282353,0.011366,9.868001
1755405965798,0.294317,-0.038883,9.80818
1755405965799,0.318245,-0.026919,10.050154
1755405965802,0.289532,-0.012562,9.781859
1755405965805,0.27996,-0.026919,9.944571
1755405965807,0.299103,-0.012562,9.753145
1755405965809,0.27996,-0.031705,10.07169
1755405965811,0.318245,-0.062812,9.669396
1755405965814,0.291924,-0.048455,10.011869
1755405965816,0.294317,0.044865,9.688539
1755405965818,0.253639,-0.012562,10.035797
1755405965822,0.287139,-0.029312,9.724431
1755405965824,0.256032,-0.050847,10.007083
1755405965826,0.315853,-0.000598,9.781859
1755405965828,0.246461,-0.024526,9.853643
1755405965830,0.315853,-0.026919,9.930214
1755405965833,0.256032,-0.005384,9.91825
1755405965835,0.332602,-0.026919,9.915857
1755405965839,0.267996,0.013759,9.836894
1755405965841,0.354138,-0.029312,9.882358
1755405965843,0.253639,0.013759,9.879965
1755405965845,0.301496,-0.002991,9.789038
1755405965847,0.272782,0.004187,9.949656
1755405965850,0.303888,-0.024526,9.84168
1755405965852,0.272782,-0.014955,9.865608
1755405965854,0.291924,-0.012562,9.848858
1755405965858,0.299103,-0.014955,9.927821
1755405965860,0.337388,-0.041276,9.875179
1755405965861,0.256032,-0.002991,9.872787
1755405965864,0.287139,-0.010169,9.870394
1755405965866,0.260818,0.011366,9.853643
1755405965869,0.260818,0.004187,9.896714
1755405965873,0.282353,-0.019741,9.822537
1755405965874,0.320638,-0.029312,9.88475
1755405965876,0.29671,-0.050847,9.858429
1755405965879,0.284746,-0.022134,9.875179
1755405965880,0.251246,-0.034098,9.903893
1755405965883,0.284746,-0.034098,9.856036
1755405965885,0.263211,-0.026919,9.863214
1755405965888,0.291924,-0.012562,9.851251
1755405965892,0.282353,-0.005384,9.88475
1755405965893,0.277567,-0.024526,9.877572
1755405965895,0.251246,-0.029312,9.865608
1755405965897,0.244068,-0.019741,9.887143
1755405965900,0.270389,-0.029312,9.88475
1755405965902,0.325424,-0.022134,9.863214
1755405965904,0.258425,-0.024526,9.872787
1755405965907,0.299103,-0.005384,9.877572
1755405965909,0.308674,0.00658,9.891929
1755405965912,0.265603,0.011366,9.879965
1755405965914,0.294317,-0.017348,9.868001
1755405965917,0.27996,-0.043669,9.872787
1755405965919,0.270389,-0.031705,9.908679
1755405965921,0.291924,-0.019741,9.875179
1755405965924,0.294317,-0.012562,9.906285
1755405965926,0.291924,-0.005384,9.915857
1755405965929,0.277567,-0.026919,9.863214
1755405965931,0.311067,-0.024526,9.870394
1755405965933,0.299103,-0.019741,9.848858
1755405965936,0.284746,-0.026919,9.870394
1755405965938,0.27996,-0.017348,9.889536
1755405965941,0.303888,-0.029312,9.891929
1755405965943,0.289532,-0.000598,9.88475
1755405965945,0.294317,-0.017348,9.865608
1755405965948,0.320638,-0.024526,9.872787
1755405965950,0.289532,-0.019741,9.875179
1755405965952,0.258425,-0.034098,9.868001
1755405965955,0.267996,0.001795,9.882358
1755405965958,0.27996,-0.022134,9.865608
1755405965960,0.256032,-0.031705,9.903893
1755405965963,0.294317,-0.043669,9.889536
1755405965964,0.265603,-0.022134,9.872787
1755405965967,0.287139,-0.024526,9.865608
1755405965969,0.303888,-0.002991,9.899107
1755405965972,0.306281,-0.031705,9.82493
1755405965975,0.265603,-0.031705,9.920643
1755405965977,0.306281,-0.000598,9.903893
1755405965980,0.270389,0.00658,9.827323
1755405965981,0.275175,-0.115454,9.844072
1755405965984,0.31346,-0.062812,9.889536
1755405965986,0.323031,0.02333,9.863214
1755405965988,0.241675,0.044865,10.014262
1755405965992,0.37328,0.013759,9.777073
1755405965993,0.251246,-0.072383,9.947263
1755405965996,0.318245,-0.08674,9.652647
1755405965998,0.256032,-0.067597,10.074082
1755405966001,0.323031,0.092722,9.817751
1755405966003,0.236889,-0.005384,9.999905
1755405966005,0.315853,-0.034098,9.736395
1755405966009,0.306281,-0.125025,9.882358
1755405966013,0.327817,0.011366,9.860822
1755405966014,0.294317,0.030508,9.939785
1755405966015,0.256032,0.042473,9.973584
1755405966017,0.33021,-0.072383,9.755538
1755405966019,0.248854,-0.117847,9.894321
1755405966022,0.303888,-0.031705,9.796216
1755405966026,0.200997,0.035294,10.059726
1755405966028,0.351745,0.04008,9.731609
1755405966029,0.212961,-0.074776,9.985548
1755405966031,0.320638,-0.058026,9.707682
1755405966034,0.241675,-0.060419,10.05494
1755405966036,0.339781,0.061615,9.79143
1755405966039,0.239282,0.004187,10.002297
1755405966043,0.29671,-0.029312,9.743574
1755405966044,0.256032,-0.081954,9.956834
1755405966046,0.289532,0.035294,9.856036
1755405966048,0.267996,0.025723,9.999905
1755405966051,0.315853,0.04008,9.829716
1755405966053,0.244068,-0.096311,9.889536
1755405966055,0.267996,-0.022134,9.781859
1755405966058,0.275175,-0.034098,9.961619
1755405966061,0.342174,0.047258,9.868001
1755405966063,0.275175,-0.038883,9.954441
1755405966065,0.289532,-0.062812,9.82493
1755405966068,0.291924,-0.036491,9.872787
1755405966070,0.265603,0.013759,9.875179
1755405966072,0.287139,0.016152,9.822537
1755405966075,0.256032,-0.014955,9.88475
1755405966078,0.339781,-0.046062,9.781859
1755405966080,0.241675,-0.014955,9.999905
1755405966082,0.33021,0.028116,9.834501
1755405966084,0.244068,-0.019741,9.971191
1755405966087,0.346959,-0.067597,9.724431
1755405966089,0.239282,-0.036491,10.023833
1755405966091,0.33021,0.04008,9.784252
1755405966094,0.236889,-0.019741,9.985548
1755405966096,0.337388,-0.046062,9.729217
1755405966099,0.222533,-0.041276,10.03819
1755405966101,0.334995,0.04008,9.786645
1755405966103,0.256032,-0.029312,9.968799
1755405966106,0.323031,-0.031705,9.820144
1755405966108,0.241675,-0.046062,9.954441
1755405966111,0.270389,0.016152,9.760324
1755405966113,0.253639,-0.062812,9.923036
1755405966117,0.327817,-0.026919,9.798609
1755405966118,0.282353,-0.007777,9.944571
1755405966120,0.277567,-0.017348,9.846465
1755405966123,0.265603,-0.007777,9.91825
1755405966125,0.289532,-0.05324,9.853643
1755405966128,0.260818,-0.026919,9.870394
1755405966130,0.267996,-0.005384,9.860822
1755405966132,0.284746,-0.024526,9.84168
1755405966135,0.260818,-0.024526,9.810573
1755405966137,0.287139,0.00658,9.822537
1755405966139,0.303888,-0.024526,9.908679
1755405966142,0.272782,-0.031705,9.853643
1755405966145,0.251246,-0.012562,9.975977
1755405966147,0.29671,-0.000598,9.870394
1755405966149,0.277567,-0.012562,9.894321
1755405966152,0.311067,-0.036491,9.88475
1755405966154,0.318245,-0.026919,9.947263
1755405966156,0.33021,-0.024526,9.920643
1755405966159,0.277567,-0.017348,9.887143
1755405966162,0.339781,-0.041276,9.920643
1755405966164,0.29671,-0.031705,9.927821
1755405966166,0.31346,-0.038883,9.868001
1755405966170,0.315853,-0.024526,9.91825
1755405966172,0.282353,-0.048455,9.891929
1755405966173,0.27996,-0.017348,9.937392
1755405966175,0.311067,-0.017348,9.812965
1755405966179,0.241675,-0.000598,9.805787
1755405966181,0.346959,-0.046062,9.908679
1755405966183,0.251246,-0.019741,9.863214
1755405966185,0.277567,-0.010169,9.889536
1755405966187,0.294317,-0.022134,9.839287
1755405966190,0.303888,-0.019741,9.863214
1755405966192,0.272782,-0.007777,9.891929
1755405966196,0.272782,-0.007777,9.891929
1755405966198,0.246461,-0.002991,9.769895
1755405966200,0.287139,-0.012562,9.88475
1755405966202,0.287139,-0.043669,9.865608
1755405966204,0.27996,-0.029312,9.896714
1755405966206,0.299103,0.001795,9.894321
1755405966209,0.315853,-0.014955,9.84168
1755405966211,0.272782,-0.034098,9.894321
1755405966214,0.315853,-0.014955,9.894321
1755405966216,0.311067,-0.010169,9.908679
1755405966219,0.287139,0.020937,9.949656
1755405966221,0.27996,0.013759,9.836894
1755405966223,0.294317,-0.050847,9.810573
1755405966226,0.294317,-0.031705,9.930214
1755405966228,0.394816,-0.041276,9.738789
1755405966231,0.215354,-0.046062,10.13151
1755405966234,0.380459,0.066401,9.772287
1755405966235,0.224925,-0.031705,10.028619
1755405966238,0.327817,-0.046062,9.633504
1755405966240,0.253639,-0.139382,9.961619
1755405966243,0.311067,0.004187,9.856036
1755405966245,0.29671,0.032901,10.023833
1755405966248,0.270389,0.05683,9.829716
1755405966250,0.308674,-0.117847,9.777073
1755405966253,0.241675,-0.098704,9.875179
1755405966254,0.31346,0.001795,9.879965
1755405966257,0.227318,0.090329,10.03819
1755405966259,0.356531,0.011366,9.734002
1755405966262,0.212961,-0.108275,9.934999
1755405966264,0.349352,-0.08674,9.731609
1755405966266,0.234497,0.02333,10.109975
1755405966269,0.375673,0.068794,9.702896
1755405966271,0.224925,-0.074776,9.995119
1755405966274,0.366102,-0.081954,9.662218
1755405966276,0.222533,-0.031705,10.07169
1755405966279,0.337388,0.073579,9.760324
1755405966281,0.248854,0.020937,10.00469
1755405966283,0.323031,-0.050847,9.731609
1755405966286,0.234497,-0.034098,10.021441
1755405966288,0.311067,0.018544,9.712467
1755405966290,0.22014,-0.046062,10.007083
1755405966293,0.342174,-0.058026,9.734002
1755405966295,0.227318,-0.079561,10.042975
1755405966298,0.33021,0.001795,9.734002
1755405966300,0.232104,-0.029312,9.995119
1755405966303,0.342174,-0.038883,9.762716
1755405966305,0.258425,-0.029312,10.040583
1755405966307,0.301496,0.028116,9.74836
1755405966309,0.236889,-0.022134,10.002297
1755405966312,0.318245,-0.024526,9.731609
1755405966315,0.284746,-0.024526,10.035797
1755405966317,0.323031,0.02333,9.731609
1755405966319,0.251246,0.00658,9.987941
1755405966321,0.306281,-0.036491,9.769895
1755405966324,0.239282,-0.026919,10.03819
1755405966327,0.320638,0.011366,9.769895
1755405966329,0.234497,0.004187,9.975977
1755405966332,0.344566,0.004187,9.779466
1755405966334,0.253639,-0.043669,9.97837
1755405966336,0.339781,-0.000598,9.810573
1755405966338,0.239282,-0.007777,9.992726
1755405966340,0.337388,-0.022134,9.779466
1755405966343,0.263211,-0.065204,9.947263
1755405966345,0.301496,0.016152,9.803394
1755405966349,0.272782,0.04008,9.983155
1755405966352,0.306281,0.00658,9.793823
1755405966353,0.275175,-0.077169,9.975977
1755405966355,0.323031,0.00658,9.82493
1755405966357,0.239282,-0.017348,9.97837
1755405966360,0.29671,-0.002991,9.801002
1755405966362,0.267996,-0.046062,9.985548
1755405966366,0.311067,-0.005384,9.834501
1755405966368,0.27996,-0.010169,9.934999
1755405966370,0.29671,-0.010169,9.832108
1755405966372,0.315853,-0.05324,9.959227
1755405966374,0.284746,-0.007777,9.863214
1755405966376,0.284746,0.00658,9.932607
1755405966379,0.275175,-0.024526,9.812965
1755405966383,0.29671,-0.002991,9.959227
1755405966384,0.256032,0.05683,9.812965
1755405966387,0.29671,-0.017348,9.939785
1755405966389,0.291924,-0.019741,9.786645
1755405966391,0.287139,-0.050847,9.971191
1755405966393,0.284746,0.025723,9.834501
1755405966396,0.291924,0.00658,9.961619
1755405966400,0.318245,-0.055633,9.755538
1755405966402,0.294317,-0.055633,9.964012
1755405966403,0.308674,0.020937,9.812965
1755405966405,0.301496,-0.000598,9.947263
1755405966408,0.301496,-0.034098,9.801002
1755405966410,0.291924,-0.05324,9.964012
1755405966412,0.301496,0.016152,9.829716
1755405966415,0.320638,-0.014955,9.932607
1755405966418,0.31346,-0.012562,9.80818
1755405966420,0.260818,-0.038883,9.954441
1755405966422,0.287139,0.011366,9.827323
1755405966424,0.325424,0.00658,9.932607
1755405966427,0.284746,-0.007777,9.84168
1755405966429,0.27996,-0.029312,9.932607
1755405966432,0.277567,-0.000598,9.853643
1755405966434,0.287139,-0.007777,9.952048
1755405966437,0.308674,-0.029312,9.77468
1755405966439,0.289532,-0.046062,9.923036
1755405966442,0.308674,0.028116,9.894321
1755405966444,0.287139,0.004187,9.896714
1755405966446,0.287139,-0.024526,9.810573
1755405966449,0.308674,-0.067597,9.889536
1755405966452,0.287139,-0.002991,9.939785
1755405966455,0.27996,-0.024526,9.860822
1755405966456,0.31346,-0.005384,9.853643
1755405966458,0.334995,-0.06999,9.846465
1755405966460,0.33021,-0.022134,9.9015
1755405966463,0.29671,-0.007777,9.872787
1755405966465,0.301496,0.008973,9.872787
1755405966468,0.29671,-0.067597,9.88475
1755405966470,0.299103,-0.029312,9.894321
1755405966472,0.251246,-0.000598,9.846465
1755405966475,0.299103,-0.036491,9.872787
1755405966477,0.277567,-0.031705,9.870394
1755405966479,0.299103,-0.014955,9.927821
1755405966482,0.256032,0.001795,9.848858
1755405966485,0.299103,-0.022134,9.80818
1755405966487,0.248854,-0.019741,9.937392
1755405966490,0.311067,-0.014955,9.781859
1755405966491,0.244068,0.025723,10.007083
1755405966494,0.31346,-0.002991,9.767502
1755405966496,0.301496,-0.062812,9.992726
1755405966499,0.303888,-0.022134,9.760324
1755405966502,0.256032,-0.012562,9.995119
1755405966504,0.320638,-0.019741,9.829716
1755405966506,0.263211,-0.036491,9.934999
1755405966508,0.267996,-0.024526,9.829716
1755405966511,0.272782,-0.034098,9.896714
1755405966513,0.291924,-0.007777,9.868001
1755405966515,0.272782,-0.038883,9.858429
1755405966519,0.31346,-0.022134,9.872787
1755405966521,0.272782,-0.005384,9.887143
1755405966523,0.29671,-0.005384,9.882358
1755405966525,0.246461,-0.012562,9.839287
1755405966527,0.294317,-0.06999,9.920643
1755405966530,0.291924,-0.000598,9.832108
1755405966532,0.256032,-0.022134,9.911072
1755405966536,0.306281,-0.010169,9.815358
1755405966537,0.318245,-0.010169,9.971191
1755405966539,0.277567,0.018544,9.779466
1755405966542,0.287139,-0.055633,9.954441
1755405966544,0.311067,-0.019741,9.820144
1755405966547,0.301496,-0.010169,9.975977
1755405966549,0.27996,-0.022134,9.781859
1755405966553,0.294317,-0.024526,9.961619
1755405966555,0.332602,-0.000598,9.812965
1755405966557,0.277567,0.001795,9.899107
1755405966559,0.270389,-0.026919,9.882358
1755405966561,0.31346,-0.031705,9.872787
1755405966563,0.267996,-0.036491,9.903893
1755405966566,0.270389,-0.007777,9.868001
1755405966568,0.301496,-0.010169,9.930214
1755405966571,0.282353,-0.000598,9.834501
1755405966575,0.263211,-0.024526,9.961619
1755405966576,0.284746,-0.000598,9.815358
1755405966578,0.272782,-0.029312,9.889536
1755405966580,0.287139,-0.012562,9.88475
1755405966583,0.267996,-0.010169,9.858429
1755405966585,0.299103,-0.026919,9.906285
1755405966588,0.315853,-0.026919,9.848858
1755405966590,0.303888,-0.022134,9.91825
1755405966592,0.299103,0.00658,9.822537
1755405966595,0.265603,0.00658,9.9015
1755405966597,0.265603,-0.017348,9.848858
1755405966599,0.241675,-0.048455,9.872787
1755405966602,0.277567,-0.014955,9.757931
1755405966604,0.265603,-0.026919,9.973584
1755405966607,0.282353,-0.014955,9.856036
1755405966609,0.256032,-0.017348,9.944571
1755405966612,0.289532,0.004187,9.91825
1755405966614,0.282353,-0.014955,9.793823
1755405966616,0.282353,-0.012562,9.863214
1755405966619,0.291924,0.00658,9.942178
1755405966622,0.267996,0.004187,9.836894
1755405966623,0.256032,-0.031705,9.997512
1755405966626,0.31346,-0.034098,9.896714
1755405966628,0.270389,-0.002991,9.822537
1755405966630,0.27996,0.001795,9.853643
1755405966633,0.277567,-0.007777,9.820144
1755405966635,0.315853,-0.031705,9.927821
1755405966638,0.275175,-0.019741,9.815358
1755405966640,0.282353,-0.026919,9.959227
1755405966643,0.29671,-0.000598,9.9015
1755405966645,0.234497,0.011366,9.832108
1755405966647,0.282353,-0.038883,9.856036
1755405966650,0.294317,-0.017348,9.853643
1755405966652,0.282353,-0.024526,9.870394
1755405966655,0.277567,-0.012562,9.956834
1755405966657,0.291924,-0.012562,9.920643
1755405966659,0.306281,-0.014955,9.882358
1755405966662,0.315853,0.001795,9.879965
1755405966664,0.301496,-0.007777,9.815358
1755405966666,0.267996,-0.026919,9.942178
1755405966669,0.251246,-0.002991,9.784252
1755405966672,0.272782,-0.014955,9.964012
1755405966675,0.301496,-0.005384,9.827323
1755405966676,0.289532,-0.012562,9.913465
1755405966678,0.308674,-0.022134,9.803394
1755405966681,0.251246,-0.031705,9.985548
1755405966683,0.277567,0.018544,9.836894
1755405966686,0.253639,-0.002991,9.952048
1755405966691,0.301496,-0.038883,9.870394
1755405966692,0.301496,0.001795,9.906285
1755405966693,0.263211,0.00658,9.84168
1755405966695,0.27996,-0.029312,9.923036
1755405966698,0.320638,-0.002991,9.856036
1755405966700,0.267996,-0.007777,9.891929
1755405966702,0.27996,-0.036491,9.868001
1755405966706,0.270389,-0.038883,9.899107
1755405966708,0.294317,-0.031705,9.860822
1755405966710,0.289532,-0.022134,9.870394
1755405966712,0.315853,-0.036491,9.925428
1755405966714,0.339781,-0.019741,9.944571
1755405966717,0.311067,-0.014955,9.817751
1755405966719,0.227318,-0.019741,9.79143
1755405966723,0.256032,-0.022134,9.853643
1755405966726,0.248854,0.011366,9.767502
1755405966727,0.289532,-0.014955,9.851251
1755405966729,0.315853,-0.014955,9.860822
1755405966731,0.301496,-0.022134,9.820144
1755405966734,0.287139,0.004187,9.942178
1755405966736,0.256032,-0.019741,9.810573
1755405966740,0.217747,-0.007777,9.745967
1755405966741,0.227318,0.00658,9.767502
1755405966744,0.284746,-0.005384,9.947263
1755405966746,0.251246,-0.012562,9.817751
1755405966748,0.272782,0.011366,9.80818
1755405966750,0.358923,-0.043669,9.911072
1755405966753,0.308674,-0.043669,9.925428
1755405966761,0.320638,-0.029312,9.980762
1755405966764,0.258425,-0.005384,9.879965
1755405966764,0.327817,-0.024526,9.975977
1755405966765,0.337388,-0.036491,10.042975
1755405966766,0.366102,-0.029312,10.026226
1755405966767,0.258425,0.004187,9.879965
1755405966769,0.29671,-0.005384,9.896714
1755405966772,0.246461,-0.024526,9.796216
1755405966776,0.258425,-0.024526,9.805787
1755405966777,0.256032,-0.034098,9.822537
1755405966780,0.299103,0.001795,9.915857
1755405966781,0.289532,-0.041276,9.942178
1755405966784,0.270389,-0.000598,9.848858
1755405966786,0.258425,-0.017348,9.908679
1755405966789,0.272782,0.004187,9.858429
1755405966792,0.263211,-0.058026,9.853643
1755405966796,0.277567,-0.002991,9.891929
1755405966797,0.260818,-0.019741,9.839287
1755405966798,0.265603,-0.007777,9.882358
1755405966801,0.27996,0.001795,9.829716
1755405966803,0.277567,-0.029312,9.872787
1755405966806,0.291924,-0.007777,9.865608
1755405966808,0.29671,-0.017348,9.868001
1755405966811,0.291924,-0.019741,9.879965
1755405966813,0.287139,0.018544,9.887143
1755405966815,0.287139,-0.017348,9.899107
1755405966819,0.270389,-0.041276,9.779466
1755405966820,0.301496,-0.050847,9.875179
1755405966822,0.301496,0.016152,9.999905
1755405966825,0.275175,-0.026919,9.832108
1755405966827,0.301496,-0.019741,9.927821
1755405966829,0.320638,-0.065204,9.743574
1755405966832,0.253639,-0.074776,9.97837
1755405966834,0.323031,0.00658,9.803394
1755405966837,0.265603,0.025723,9.985548
1755405966839,0.287139,-0.010169,9.765109
1755405966842,0.277567,-0.060419,10.007083
1755405966844,0.299103,-0.017348,9.743574
1755405966846,0.251246,-0.002991,10.047761
1755405966849,0.294317,0.016152,9.674182
1755405966851,0.260818,-0.038883,10.052547
1755405966853,0.31346,-0.034098,9.793823
1755405966856,0.277567,-0.031705,9.834501
1755405966859,0.291924,-0.017348,9.997512
1755405966861,0.311067,0.018544,9.815358
1755405966863,0.282353,-0.010169,9.932607
1755405966865,0.270389,-0.012562,9.964012
1755405966868,0.275175,-0.000598,9.738789
1755405966870,0.287139,-0.043669,9.956834
1755405966873,0.263211,-0.012562,9.798609
1755405966876,0.308674,0.004187,9.817751
1755405966879,0.311067,-0.036491,9.942178
1755405966880,0.291924,0.016152,9.82493
1755405966882,0.282353,-0.048455,10.021441
1755405966885,0.258425,-0.038883,9.827323
1755405966887,0.244068,-0.010169,10.019048
1755405966890,0.256032,0.004187,9.753145
1755405966893,0.244068,-0.031705,9.968799
1755405966895,0.272782,-0.002991,9.84168
1755405966897,0.294317,0.008973,9.9015
1755405966899,0.299103,-0.031705,9.815358
1755405966901,0.311067,0.001795,9.983155
1755405966904,0.311067,0.001795,9.851251
1755405966906,0.320638,0.018544,9.954441
1755405966910,0.267996,-0.017348,9.844072
1755405966911,0.289532,0.011366,9.913465
1755405966915,0.244068,-0.031705,9.74836
1755405966916,0.27996,-0.017348,9.983155
1755405966918,0.291924,0.028116,9.822537
1755405966920,0.277567,0.008973,9.906285
1755405966923,0.256032,-0.05324,9.812965
1755405966927,0.272782,-0.007777,9.954441
1755405966928,0.287139,-0.019741,9.801002
1755405966930,0.303888,-0.038883,9.848858
1755405966932,0.284746,-0.029312,9.906285
1755405966935,0.251246,0.025723,9.88475
1755405966938,0.248854,0.016152,9.906285
1755405966940,0.33021,-0.012562,9.822537
1755405966942,0.253639,0.004187,9.97837
1755405966945,0.294317,0.02333,9.856036
1755405966947,0.308674,-0.017348,9.868001
1755405966949,0.303888,-0.043669,9.870394
1755405966952,0.327817,-0.062812,9.820144
1755405966954,0.323031,-0.058026,9.870394
1755405966957,0.299103,-0.026919,9.844072
1755405966959,0.282353,-0.022134,9.947263
1755405966961,0.294317,0.016152,9.82493
1755405966964,0.251246,-0.002991,9.985548
1755405966966,0.275175,0.013759,9.911072
1755405966968,0.270389,-0.014955,9.851251
1755405966971,0.263211,-0.084347,9.834501
1755405966973,0.282353,-0.024526,9.829716
1755405966976,0.306281,-0.019741,9.88475
1755405966978,0.267996,0.008973,9.865608
1755405966980,0.29671,-0.012562,9.937392
1755405966983,0.287139,-0.050847,9.839287
1755405966985,0.291924,-0.05324,9.899107
1755405966987,0.29671,-0.017348,9.858429
1755405966990,0.327817,-0.010169,9.891929
1755405966992,0.27996,-0.007777,9.894321
1755405966995,0.294317,-0.019741,9.829716
1755405966997,0.258425,-0.046062,9.923036
1755405967000,0.277567,-0.022134,9.851251
1755405967002,0.294317,0.018544,9.920643
1755405967004,0.294317,-0.010169,9.9015
1755405967007,0.260818,-0.007777,9.856036
1755405967009,0.248854,-0.007777,9.865608
1755405967012,0.287139,-0.031705,9.870394
1755405967015,0.291924,-0.022134,9.887143
1755405967016,0.256032,-0.019741,9.863214
1755405967019,0.27996,-0.026919,9.906285
1755405967021,0.27996,-0.034098,9.894321
1755405967024,0.291924,0.011366,9.860822
1755405967026,0.311067,-0.017348,9.872787
1755405967029,0.287139,-0.022134,9.872787
1755405967032,0.306281,-0.029312,9.856036
1755405967033,0.291924,-0.034098,9.903893
1755405967035,0.29671,-0.029312,9.891929
1755405967038,0.287139,-0.014955,9.937392
1755405967040,0.282353,-0.014955,9.944571
1755405967043,0.27996,-0.019741,9.887143
1755405967046,0.287139,0.001795,9.860822
1755405967047,0.265603,0.00658,9.906285
1755405967050,0.263211,-0.002991,9.887143
1755405967052,0.294317,-0.010169,9.9015
1755405967055,0.248854,-0.024526,9.889536
1755405967057,0.282353,-0.019741,9.879965
1755405967060,0.265603,-0.036491,9.889536
1755405967063,0.277567,-0.005384,9.9015
1755405967067,0.270389,-0.026919,9.868001
1755405967068,0.284746,-0.038883,9.879965
1755405967069,0.318245,-0.014955,9.906285
1755405967071,0.275175,-0.029312,9.863214
1755405967074,0.27996,-0.022134,9.903893
1755405967076,0.27996,-0.010169,9.882358
1755405967080,0.284746,-0.036491,9.882358
1755405967082,0.294317,-0.000598,9.879965
1755405967083,0.303888,-0.038883,9.932607
1755405967086,0.291924,-0.012562,9.875179
1755405967088,0.287139,-0.022134,9.923036
1755405967091,0.306281,-0.034098,9.793823
1755405967093,0.263211,-0.074776,9.848858
1755405967097,0.272782,-0.019741,9.856036
1755405967100,0.291924,0.018544,9.913465
1755405967101,0.277567,0.013759,9.875179
1755405967103,0.277567,-0.012562,9.949656
1755405967105,0.306281,-0.002991,9.858429
1755405967108,0.241675,-0.048455,9.896714
1755405967110,0.29671,-0.036491,9.865608
1755405967112,0.299103,0.00658,9.906285
1755405967115,0.27996,-0.007777,9.801002
1755405967117,0.272782,-0.031705,9.9015
1755405967119,0.327817,-0.043669,9.856036
1755405967122,0.282353,-0.022134,9.829716
1755405967124,0.29671,-0.043669,9.906285
1755405967126,0.337388,0.008973,9.879965
1755405967129,0.258425,-0.031705,9.889536
1755405967131,0.258425,-0.036491,9.879965
1755405967135,0.260818,-0.017348,9.894321
1755405967136,0.263211,-0.012562,9.839287
1755405967138,0.239282,-0.05324,9.894321
1755405967142,0.284746,-0.024526,9.844072
1755405967143,0.29671,-0.014955,9.906285
1755405967146,0.299103,-0.024526,9.896714
1755405967149,0.294317,-0.019741,9.879965
1755405967150,0.308674,-0.031705,9.875179
1755405967153,0.27996,0.011366,9.879965
1755405967155,0.289532,-0.017348,9.872787
1755405967158,0.251246,-0.022134,9.84168
1755405967160,0.263211,-0.002991,9.844072
1755405967162,0.244068,0.008973,9.786645
1755405967166,0.251246,-0.000598,9.765109
1755405967167,0.246461,-0.026919,9.810573
1755405967170,0.303888,-0.024526,9.91825
1755405967172,0.282353,-0.007777,9.91825
1755405967175,0.308674,-0.007777,9.947263
1755405967177,0.277567,-0.022134,9.923036
1755405967179,0.267996,-0.031705,9.913465
1755405967182,0.334995,-0.034098,9.983155
1755405967184,0.311067,-0.017348,9.908679
1755405967186,0.289532,-0.007777,9.91825
1755405967189,0.291924,-0.022134,9.934999
1755405967191,0.260818,0.013759,9.891929
1755405967194,0.311067,-0.019741,9.872787
1755405967196,0.291924,-0.036491,9.889536
1755405967199,0.287139,-0.024526,9.870394
1755405967202,0.272782,-0.000598,9.88475
1755405967203,0.284746,-0.029312,9.863214
1755405967206,0.308674,-0.014955,9.872787
1755405967208,0.289532,-0.002991,9.879965
1755405967210,0.299103,-0.031705,9.894321
1755405967213,0.267996,-0.002991,9.882358
1755405967216,0.27996,-0.012562,9.891929
1755405967219,0.289532,-0.043669,9.894321
1755405967220,0.289532,-0.022134,9.860822
1755405967223,0.27996,-0.002991,9.882358
1755405967225,0.282353,-0.010169,9.879965
1755405967227,0.284746,-0.017348,9.870394
1755405967230,0.287139,-0.024526,9.899107
1755405967233,0.287139,-0.038883,9.877572
1755405967236,0.287139,-0.038883,9.844072
1755405967238,0.275175,-0.038883,9.911072
1755405967239,0.320638,0.02333,9.860822
1755405967243,0.265603,-0.029312,9.923036
1755405967244,0.327817,0.004187,9.856036
1755405967246,0.294317,-0.038883,9.934999
1755405967250,0.301496,-0.007777,9.82493
1755405967254,0.253639,-0.038883,9.937392
1755405967255,0.332602,-0.000598,9.846465
1755405967256,0.27996,-0.019741,9.911072
1755405967258,0.256032,-0.043669,9.829716
1755405967261,0.270389,-0.012562,9.97837
1755405967263,0.323031,0.008973,9.750752
1755405967267,0.241675,-0.043669,9.865608
1755405967269,0.291924,-0.055633,9.920643
1755405967271,0.291924,-0.007777,9.836894
1755405967273,0.263211,-0.014955,9.877572
1755405967275,0.294317,-0.007777,9.877572
1755405967278,0.299103,-0.017348,9.927821
1755405967280,0.246461,-0.007777,9.796216
1755405967282,0.270389,-0.043669,10.040583
1755405967285,0.284746,0.008973,9.743574
1755405967287,0.27996,-0.034098,9.971191
1755405967290,0.299103,-0.024526,9.829716
1755405967292,0.31346,-0.017348,9.927821
1755405967295,0.260818,-0.002991,9.817751
1755405967297,0.294317,0.011366,10.011869
1755405967301,0.291924,-0.022134,9.805787
1755405967305,0.29671,-0.000598,9.894321
1755405967306,0.291924,-0.034098,9.844072
1755405967306,0.287139,-0.002991,9.980762
1755405967309,0.27996,-0.029312,9.786645
1755405967311,0.289532,-0.010169,9.88475
1755405967313,0.289532,0.011366,9.913465
1755405967316,0.29671,-0.007777,9.875179
1755405967320,0.294317,-0.026919,9.903893
1755405967321,0.308674,-0.014955,9.820144
1755405967323,0.27996,-0.014955,9.899107
1755405967326,0.251246,-0.000598,9.820144
1755405967328,0.251246,-0.029312,9.968799
1755405967330,0.291924,-0.014955,9.772287
1755405967333,0.29671,-0.017348,9.980762
1755405967336,0.29671,0.018544,9.777073
1755405967337,0.282353,-0.017348,10.083653
1755405967340,0.258425,-0.043669,9.68136
1755405967342,0.27996,-0.022134,9.964012
1755405967345,0.287139,-0.038883,9.879965
1755405967347,0.306281,-0.002991,9.846465
1755405967350,0.291924,-0.050847,9.858429
1755405967352,0.291924,0.025723,9.992726
1755405967355,0.303888,-0.002991,9.879965
1755405967357,0.275175,-0.031705,9.908679
1755405967359,0.291924,-0.019741,9.975977
1755405967362,0.256032,-0.014955,9.803394
1755405967364,0.289532,-0.007777,9.779466
1755405967366,0.256032,-0.024526,9.949656
1755405967370,0.334995,0.00658,9.930214
1755405967371,0.311067,0.001795,9.789038
1755405967373,0.301496,-0.017348,9.947263
1755405967376,0.275175,-0.002991,9.925428
1755405967378,0.263211,0.001795,9.834501
1755405967381,0.263211,-0.036491,9.851251
1755405967383,0.289532,0.016152,9.971191
1755405967387,0.289532,-0.055633,9.750752
1755405967388,0.27996,-0.034098,9.896714
1755405967390,0.306281,-0.026919,9.903893
1755405967393,0.232104,-0.005384,9.856036
1755405967395,0.291924,-0.022134,9.801002
1755405967397,0.33021,0.001795,9.975977
1755405967400,0.291924,-0.014955,9.810573
1755405967404,0.308674,-0.031705,9.805787
1755405967405,0.323031,-0.026919,10.00469
1755405967407,0.246461,-0.005384,9.786645
1755405967410,0.277567,-0.024526,9.937392
1755405967412,0.272782,0.008973,9.798609
1755405967414,0.267996,-0.014955,10.035797
1755405967417,0.248854,-0.024526,9.712467
1755405967421,0.277567,-0.022134,9.952048
1755405967422,0.282353,-0.002991,9.868001
1755405967425,0.294317,-0.043669,9.80818
1755405967427,0.291924,-0.034098,9.908679
1755405967429,0.29671,-0.005384,9.952048
1755405967431,0.263211,-0.014955,9.875179
1755405967433,0.277567,-0.005384,9.789038
1755405967437,0.325424,-0.014955,10.100404
1755405967439,0.308674,-0.026919,9.805787
1755405967441,0.287139,-0.029312,9.793823
1755405967444,0.260818,-0.022134,9.894321
1755405967445,0.299103,-0.017348,9.872787
1755405967448,0.299103,0.02333,9.889536
1755405967450,0.294317,0.011366,9.793823
1755405967454,0.270389,0.037687,9.923036
1755405967456,0.253639,-0.031705,9.832108
1755405967457,0.277567,-0.026919,9.827323
1755405967460,0.308674,-0.048455,9.944571
1755405967462,0.282353,-0.029312,9.82493
1755405967464,0.294317,-0.000598,9.944571
1755405967467,0.315853,0.00658,9.769895
1755405967469,0.315853,0.032901,10.05494
1755405967472,0.277567,-0.002991,9.879965
1755405967475,0.236889,-0.014955,9.834501
1755405967477,0.248854,-0.029312,9.856036
1755405967479,0.275175,-0.012562,9.793823
1755405967481,0.265603,-0.022134,9.839287
1755405967484,0.275175,-0.048455,9.887143
1755405967486,0.282353,-0.017348,9.944571
1755405967489,0.311067,0.016152,9.947263
1755405967491,0.282353,-0.041276,9.848858
1755405967493,0.294317,-0.031705,9.9015
1755405967496,0.27996,-0.019741,9.896714
1755405967498,0.265603,0.00658,9.879965
1755405967501,0.275175,0.008973,9.939785
1755405967503,0.323031,0.013759,9.853643
1755405967505,0.334995,-0.007777,9.858429
1755405967509,0.311067,-0.022134,9.877572
1755405967510,0.270389,-0.029312,9.84168
1755405967512,0.284746,-0.050847,9.891929
1755405967515,0.311067,-0.065204,9.860822
1755405967517,0.275175,-0.019741,9.846465
1755405967520,0.270389,0.011366,9.925428
1755405967523,0.270389,0.013759,9.865608
1755405967525,0.284746,-0.034098,9.999905
1755405967527,0.301496,-0.022134,9.875179
1755405967529,0.265603,-0.072383,9.815358
1755405967532,0.267996,-0.065204,9.834501
1755405967534,0.258425,-0.017348,9.899107
1755405967536,0.284746,0.011366,9.894321
1755405967540,0.299103,-0.002991,9.793823
1755405967541,0.294317,-0.010169,9.91825
1755405967544,0.284746,-0.012562,9.870394
1755405967546,0.301496,-0.034098,9.959227
1755405967549,0.301496,-0.060419,9.729217
1755405967551,0.275175,-0.007777,9.91825
1755405967553,0.277567,-0.007777,9.865608
1755405967556,0.265603,-0.010169,9.908679
1755405967558,0.277567,-0.022134,9.803394
1755405967561,0.311067,-0.005384,10.014262
1755405967563,0.277567,-0.029312,9.736395
1755405967565,0.289532,-0.017348,10.014262
1755405967567,0.308674,-0.010169,9.755538
1755405967570,0.303888,0.011366,10.047761
1755405967574,0.260818,-0.022134,9.781859
1755405967575,0.263211,-0.029312,9.980762
1755405967578,0.277567,-0.031705,9.805787
1755405967579,0.301496,-0.026919,9.985548
1755405967582,0.27996,-0.002991,9.798609
1755405967584,0.277567,-0.007777,10.019048
1755405967587,0.282353,0.00658,9.77468
1755405967590,0.282353,-0.012562,9.947263
1755405967591,0.263211,-0.050847,9.769895
1755405967594,0.277567,-0.019741,9.975977
1755405967597,0.265603,-0.010169,9.755538
1755405967599,0.301496,-0.024526,10.040583
1755405967601,0.282353,-0.005384,9.84168
1755405967603,0.260818,-0.014955,9.980762
1755405967607,0.251246,0.001795,9.784252
1755405967609,0.287139,-0.036491,9.9015
1755405967611,0.287139,-0.002991,9.84168
1755405967613,0.289532,-0.022134,9.798609
1755405967615,0.291924,-0.007777,10.028619
1755405967618,0.303888,-0.043669,9.817751
1755405967620,0.275175,-0.014955,9.920643
1755405967623,0.299103,-0.034098,9.832108
1755405967625,0.327817,-0.005384,9.949656
1755405967628,0.294317,0.00658,9.801002
1755405967630,0.291924,0.020937,10.019048
1755405967632,0.275175,-0.005384,9.812965
1755405967635,0.27996,-0.029312,9.906285
1755405967637,0.323031,-0.029312,9.848858
1755405967641,0.263211,-0.038883,9.82493
1755405967643,0.294317,-0.007777,9.968799
1755405967644,0.265603,-0.007777,9.908679
1755405967647,0.260818,-0.000598,9.891929
1755405967649,0.272782,-0.022134,9.868001
1755405967651,0.287139,-0.043669,9.959227
1755405967654,0.248854,-0.005384,9.762716
1755405967656,0.294317,-0.026919,9.964012
1755405967659,0.294317,0.013759,9.801002
1755405967661,0.287139,-0.019741,9.877572
1755405967663,0.339781,-0.034098,10.052547
1755405967666,0.291924,-0.05324,9.734002
1755405967668,0.306281,-0.024526,9.973584
1755405967671,0.27996,0.028116,9.796216
1755405967673,0.294317,-0.017348,9.894321
1755405967676,0.306281,-0.012562,9.971191
1755405967678,0.320638,-0.074776,9.731609
1755405967680,0.287139,-0.017348,9.932607
1755405967682,0.294317,-0.005384,9.872787
1755405967685,0.287139,-0.031705,9.9015
1755405967687,0.27996,-0.000598,9.834501
1755405967690,0.27996,-0.041276,9.834501
1755405967693,0.253639,-0.019741,9.889536
1755405967695,0.315853,-0.029312,9.863214
1755405967697,0.277567,-0.002991,9.959227
1755405967699,0.282353,-0.014955,9.860822
1755405967702,0.287139,-0.062812,9.822537
1755405967704,0.270389,-0.034098,9.911072
1755405967706,0.299103,-0.022134,9.868001
1755405967709,0.270389,0.00658,9.9015
1755405967715,0.277567,-0.012562,9.822537
1755405967715,0.277567,-0.050847,9.971191
1755405967716,0.301496,-0.036491,9.82493
1755405967719,0.334995,-0.026919,9.879965
1755405967721,0.308674,0.004187,9.923036
1755405967723,0.284746,-0.000598,9.891929
1755405967727,0.272782,-0.012562,9.844072
1755405967729,0.267996,-0.048455,9.925428
1755405967731,0.303888,-0.017348,9.877572
1755405967733,0.263211,-0.005384,9.913465
1755405967735,0.282353,-0.007777,9.829716
1755405967738,0.236889,-0.029312,9.872787
1755405967740,0.27996,-0.022134,9.856036
1755405967743,0.251246,-0.019741,9.891929
1755405967745,0.294317,-0.019741,9.879965
1755405967747,0.301496,-0.000598,9.868001
1755405967750,0.277567,-0.026919,9.872787
1755405967752,0.289532,-0.034098,9.879965
1755405967754,0.29671,-0.055633,9.829716
1755405967757,0.277567,-0.031705,9.872787
1755405967760,0.284746,-0.000598,9.930214
1755405967762,0.282353,-0.005384,9.865608
1755405967764,0.323031,-0.019741,9.88475
1755405967766,0.318245,-0.026919,9.853643
1755405967769,0.263211,-0.000598,9.896714
1755405967771,0.303888,0.018544,9.879965
1755405967774,0.265603,-0.031705,9.868001
1755405967776,0.275175,-0.024526,9.839287
1755405967779,0.272782,-0.036491,9.872787
1755405967781,0.29671,0.001795,9.91825
1755405967783,0.306281,0.004187,9.879965
1755405967785,0.256032,-0.007777,9.88475
1755405967788,0.275175,-0.002991,9.863214
1755405967790,0.306281,-0.002991,9.903893
1755405967795,0.260818,-0.005384,9.872787
1755405967796,0.270389,-0.005384,9.856036
1755405967798,0.248854,-0.046062,9.870394
1755405967800,0.301496,-0.050847,9.836894
1755405967802,0.299103,-0.026919,9.891929
1755405967805,0.27996,-0.002991,9.863214
1755405967807,0.267996,0.001795,9.891929
1755405967810,0.29671,-0.000598,9.856036
1755405967812,0.265603,-0.007777,9.860822
1755405967816,0.282353,-0.022134,9.891929
1755405967817,0.306281,-0.017348,9.9015
1755405967819,0.29671,-0.012562,9.875179
1755405967821,0.246461,-0.022134,9.903893
1755405967824,0.289532,-0.031705,9.875179
1755405967827,0.260818,-0.005384,9.906285
1755405967830,0.332602,-0.019741,9.9015
1755405967832,0.308674,-0.043669,9.882358
1755405967834,0.289532,-0.034098,9.872787
1755405967836,0.306281,-0.067597,9.891929
1755405967838,0.289532,-0.012562,9.877572
1755405967840,0.284746,-0.012562,9.911072
1755405967843,0.275175,-0.026919,9.877572
1755405967847,0.308674,-0.029312,9.889536
1755405967848,0.31346,-0.026919,9.927821
1755405967850,0.303888,-0.048455,9.860822
1755405967852,0.29671,-0.024526,9.858429
1755405967855,0.27996,-0.026919,9.877572
1755405967857,0.291924,-0.019741,9.88475
1755405967860,0.294317,-0.026919,9.906285
1755405967862,0.256032,-0.031705,9.908679
1755405967865,0.303888,-0.026919,9.879965
1755405967867,0.272782,-0.019741,9.865608
1755405967869,0.232104,-0.026919,9.839287
1755405967872,0.294317,-0.019741,9.853643
1755405967874,0.311067,-0.019741,9.879965
1755405967876,0.284746,-0.034098,9.906285
1755405967879,0.299103,-0.022134,9.879965
1755405967881,0.29671,-0.031705,9.872787
1755405967884,0.265603,0.008973,9.882358
1755405967886,0.311067,0.011366,9.870394
1755405967888,0.256032,0.004187,9.9015
1755405967891,0.299103,0.00658,9.879965
1755405967893,0.29671,-0.014955,9.887143
1755405967896,0.282353,-0.010169,9.882358
1755405967899,0.29671,-0.022134,9.889536
1755405967901,0.303888,-0.007777,9.872787
1755405967903,0.275175,-0.038883,9.889536
1755405967905,0.287139,-0.046062,9.891929
1755405967908,0.291924,-0.043669,9.887143
1755405967910,0.29671,-0.014955,9.879965
1755405967913,0.248854,-0.026919,9.870394
1755405967916,0.277567,-0.005384,9.877572
1755405967918,0.299103,-0.017348,9.872787
1755405967920,0.284746,-0.017348,9.891929
1755405967922,0.287139,-0.019741,9.891929
1755405967924,0.275175,-0.005384,9.877572
1755405967927,0.308674,-0.041276,9.860822
1755405967929,0.323031,-0.043669,9.879965
1755405967932,0.282353,-0.019741,9.872787
1755405967934,0.27996,-0.029312,9.891929
1755405967936,0.267996,-0.007777,9.860822
1755405967939,0.303888,-0.012562,9.877572
1755405967942,0.323031,-0.034098,9.882358
1755405967944,0.315853,-0.000598,9.91825
1755405967947,0.289532,-0.002991,9.882358
1755405967949,0.267996,-0.019741,9.891929
1755405967951,0.277567,-0.012562,9.913465
1755405967953,0.282353,-0.055633,9.851251
1755405967956,0.284746,-0.048455,9.875179
1755405967958,0.272782,-0.031705,9.891929
1755405967960,0.299103,-0.007777,9.860822
1755405967964,0.277567,-0.041276,9.868001
1755405967966,0.27996,-0.014955,9.889536
1755405967968,0.31346,-0.019741,9.887143
1755405967970,0.267996,0.016152,9.877572
1755405967972,0.311067,-0.014955,9.88475
1755405967975,0.320638,-0.046062,9.848858
1755405967977,0.27996,-0.046062,9.889536
1755405967981,0.303888,-0.002991,9.872787
1755405967983,0.306281,-0.019741,9.879965
1755405967984,0.270389,-0.048455,9.894321
1755405967987,0.277567,-0.038883,9.877572
1755405967989,0.301496,-0.017348,9.870394
1755405967991,0.267996,-0.031705,9.870394
1755405967994,0.306281,-0.019741,9.865608
1755405967998,0.267996,-0.010169,9.88475
1755405968000,0.299103,-0.005384,9.9015
1755405968001,0.277567,-0.060419,9.88475
1755405968003,0.246461,-0.017348,9.877572
1755405968006,0.270389,-0.024526,9.913465
1755405968008,0.258425,-0.026919,9.899107
1755405968011,0.303888,-0.012562,9.872787
1755405968013,0.275175,-0.017348,9.875179
1755405968016,0.267996,-0.038883,9.88475
1755405968019,0.251246,-0.019741,9.891929
1755405968020,0.315853,0.013759,9.877572
1755405968023,0.277567,-0.010169,9.877572
1755405968025,0.308674,0.00658,9.9015
1755405968027,0.267996,-0.012562,9.911072
1755405968030,0.258425,-0.019741,9.889536
1755405968033,0.275175,-0.031705,9.894321
1755405968035,0.267996,-0.010169,9.870394
1755405968037,0.282353,0.00658,9.896714
1755405968039,0.29671,-0.017348,9.894321
1755405968042,0.284746,-0.022134,9.889536
1755405968044,0.29671,0.00658,9.882358
1755405968047,0.282353,-0.012562,9.853643
1755405968049,0.284746,-0.024526,9.868001
1755405968053,0.299103,-0.014955,9.872787
1755405968055,0.277567,-0.024526,9.863214
1755405968056,0.291924,-0.000598,9.879965
1755405968058,0.29671,-0.043669,9.889536
1755405968061,0.289532,-0.014955,9.865608
1755405968063,0.272782,0.00658,9.879965
1755405968066,0.318245,-0.026919,9.896714
1755405968068,0.267996,-0.031705,9.882358
1755405968071,0.299103,-0.036491,9.870394
1755405968073,0.241675,-0.005384,9.877572
1755405968075,0.277567,-0.022134,9.889536
1755405968078,0.315853,-0.038883,9.887143
1755405968080,0.27996,-0.058026,9.894321
1755405968083,0.299103,-0.029312,9.853643
1755405968085,0.287139,-0.017348,9.882358
1755405968087,0.275175,-0.024526,9.863214
1755405968090,0.289532,-0.019741,9.887143
1755405968092,0.31346,-0.014955,9.894321
1755405968095,0.258425,-0.048455,9.877572
1755405968097,0.29671,-0.019741,9.889536
1755405968100,0.299103,-0.014955,9.887143
1755405968103,0.311067,-0.017348,9.891929
1755405968104,0.299103,-0.043669,9.891929
1755405968107,0.31346,-0.017348,9.877572
1755405968109,0.260818,-0.019741,9.877572
1755405968111,0.299103,-0.034098,9.870394
1755405968114,0.284746,-0.031705,9.858429
1755405968117,0.287139,-0.036491,9.868001
1755405968120,0.27996,-0.026919,9.870394
1755405968122,0.287139,-0.022134,9.877572
1755405968123,0.282353,-0.031705,9.868001
1755405968126,0.299103,-0.007777,9.848858
1755405968128,0.291924,-0.019741,9.877572
1755405968131,0.299103,-0.000598,9.891929
1755405968134,0.282353,-0.019741,9.882358
1755405968137,0.258425,-0.022134,9.872787
1755405968139,0.289532,-0.012562,9.879965
1755405968140,0.299103,-0.002991,9.894321
1755405968142,0.306281,-0.017348,9.877572
1755405968145,0.260818,-0.034098,9.899107
1755405968147,0.282353,-0.022134,9.903893
1755405968151,0.251246,-0.014955,9.887143
1755405968152,0.260818,-0.038883,9.889536
1755405968155,0.277567,-0.026919,9.868001
1755405968157,0.303888,-0.019741,9.868001
1755405968160,0.303888,-0.012562,9.896714
1755405968162,0.291924,-0.012562,9.882358
1755405968164,0.251246,-0.019741,9.863214
1755405968168,0.275175,-0.012562,9.865608
1755405968169,0.265603,-0.012562,9.872787
1755405968171,0.275175,-0.026919,9.889536
1755405968174,0.320638,-0.017348,9.891929
1755405968176,0.258425,-0.019741,9.877572
1755405968178,0.29671,-0.002991,9.872787
1755405968181,0.294317,-0.005384,9.896714
1755405968183,0.299103,-0.010169,9.889536
1755405968186,0.289532,0.018544,9.894321
1755405968188,0.258425,-0.010169,9.911072
1755405968191,0.253639,0.001795,9.887143
1755405968193,0.306281,-0.029312,9.860822
1755405968195,0.253639,-0.017348,9.889536
1755405968198,0.277567,-0.034098,9.887143
1755405968202,0.294317,-0.038883,9.889536
1755405968203,0.311067,-0.026919,9.891929
