1754123531211,0.034954,-0.121022,9.832469
1754123531236,0.034954,-0.121022,9.854015
1754123531239,0.025377,-0.121022,9.86838
1754123531244,0.03256,-0.132992,9.887533
1754123531249,0.027772,-0.123416,9.901897
1754123531254,0.018195,-0.123416,9.911474
1754123531264,0.030166,-0.130598,9.894716
1754123531266,0.030166,-0.128204,9.870775
1754123531269,0.04453,-0.109051,9.873169
1754123531273,0.037348,-0.116233,9.875563
1754123531278,0.025377,-0.118628,9.889927
1754123531283,0.046924,-0.12581,9.894716
1754123531288,0.037348,-0.123416,9.894716
1754123531293,0.056501,-0.118628,9.894716
1754123531297,0.034954,-0.121022,9.904292
1754123531304,0.03256,-0.130598,9.880351
1754123531309,0.049318,-0.12581,9.880351
1754123531311,0.039742,-0.118628,9.880351
1754123531320,0.03256,-0.113839,9.880351
1754123531322,0.049318,-0.116233,9.887533
1754123531327,0.058895,-0.113839,9.885139
1754123531332,0.039742,-0.12581,9.86838
1754123531339,0.03256,-0.12581,9.842045
1754123531344,0.025377,-0.123416,9.854015
1754123531346,0.042136,-0.116233,9.904292
1754123531351,0.025377,-0.13778,9.894716
1754123531356,0.037348,-0.12581,9.899504
1754123531361,0.046924,-0.130598,9.873169
1754123531365,0.042136,-0.132992,9.889927
1754123531371,0.042136,-0.144963,9.89711
1754123531376,0.039742,-0.130598,9.894716
1754123531380,0.034954,-0.128204,9.889927
1754123531387,0.054107,-0.128204,9.90908
1754123531390,0.054107,-0.12581,9.904292
1754123531395,0.046924,-0.123416,9.889927
1754123531401,0.051713,-0.121022,9.887533
1754123531406,0.037348,-0.132992,9.899504
1754123531410,0.039742,-0.118628,9.885139
1754123531419,0.049318,-0.113839,9.89711
1754123531428,0.030166,-0.113839,9.894716
1754123531431,0.03256,-0.123416,9.894716
1754123531434,0.034954,-0.118628,9.894716
1754123531435,0.039742,-0.118628,9.894716
1754123531438,0.037348,-0.118628,9.865986
1754123531442,0.037348,-0.12581,9.877956
1754123531449,0.042136,-0.123416,9.885139
1754123531454,0.030166,-0.12581,9.887533
1754123531457,0.04453,-0.128204,9.899504
1754123531462,0.034954,-0.128204,9.906686
1754123531472,0.037348,-0.128204,9.906686
1754123531474,0.034954,-0.128204,9.889927
1754123531477,0.039742,-0.123416,9.887533
1754123531481,0.056501,-0.12581,9.916262
1754123531486,0.037348,-0.135386,9.90908
1754123531490,0.056501,-0.135386,9.906686
1754123531498,0.030166,-0.130598,9.889927
1754123531501,0.04453,-0.118628,9.892321
1754123531505,0.034954,-0.12581,9.923445
1754123531511,0.039742,-0.128204,9.933021
1754123531517,0.063683,-0.13778,9.90908
1754123531520,0.027772,-0.132992,9.880351
1754123531525,0.03256,-0.130598,9.885139
1754123531534,0.046924,-0.12581,9.892321
1754123531536,0.051713,-0.12581,9.885139
1754123531539,0.03256,-0.12581,9.858804
1754123531546,0.018195,-0.132992,9.863592
1754123531549,0.042136,-0.111445,9.875563
1754123531555,0.037348,-0.123416,9.889927
1754123531559,0.037348,-0.121022,9.916262
1754123531566,0.049318,-0.121022,9.911474
1754123531570,0.030166,-0.116233,9.913868
1754123531574,0.049318,-0.128204,9.89711
1754123531581,0.054107,-0.123416,9.901897
1754123531584,0.04453,-0.12581,9.925838
1754123531588,0.037348,-0.123416,9.923445
1754123531593,0.042136,-0.123416,9.921051
1754123531599,0.054107,-0.130598,9.899504
1754123531602,0.034954,-0.144963,9.90908
1754123531607,0.030166,-0.123416,9.90908
1754123531612,0.054107,-0.121022,9.889927
1754123531617,0.049318,-0.135386,9.863592
1754123531621,0.034954,-0.121022,9.875563
1754123531628,0.022983,-0.123416,9.880351
1754123531632,0.037348,-0.132992,9.880351
1754123531636,0.03256,-0.109051,9.901897
1754123531641,0.042136,-0.13778,9.901897
1754123531649,0.056501,-0.123416,9.904292
1754123531653,0.04453,-0.121022,9.89711
1754123531655,0.034954,-0.128204,9.901897
1754123531664,0.049318,-0.128204,9.899504
1754123531667,0.034954,-0.121022,9.887533
1754123531671,0.022983,-0.130598,9.889927
1754123531678,0.042136,-0.116233,9.880351
1754123531682,0.049318,-0.116233,9.901897
1754123531685,0.039742,-0.12581,9.89711
1754123531689,0.03256,-0.130598,9.916262
1754123531695,0.051713,-0.13778,9.923445
1754123531698,0.042136,-0.130598,9.933021
1754123531703,0.037348,-0.140174,9.935414
1754123531709,0.046924,-0.123416,9.918656
1754123531715,0.03256,-0.13778,9.923445
1754123531718,0.046924,-0.135386,9.887533
1754123531723,0.049318,-0.128204,9.887533
1754123531729,0.049318,-0.130598,9.899504
1754123531733,0.039742,-0.12581,9.885139
1754123531742,0.03256,-0.13778,9.882745
1754123531744,0.025377,-0.111445,9.89711
1754123531747,0.039742,-0.106657,9.889927
1754123531751,0.03256,-0.135386,9.901897
1754123531758,0.061289,-0.12581,9.901897
1754123531762,0.042136,-0.132992,9.90908
1754123531767,0.049318,-0.130598,9.899504
1754123531771,0.04453,-0.130598,9.901897
1754123531778,0.027772,-0.12581,9.885139
1754123531783,0.061289,-0.12581,9.882745
1754123531786,0.037348,-0.12581,9.906686
1754123531791,0.037348,-0.118628,9.944992
1754123531798,0.037348,-0.130598,9.968933
1754123531800,0.039742,-0.128204,9.944992
1754123531804,0.027772,-0.147357,9.925838
1754123531812,0.03256,-0.12581,9.906686
1754123531815,0.037348,-0.109051,9.904292
1754123531820,0.049318,-0.116233,9.901897
1754123531826,0.027772,-0.121022,9.90908
1754123531830,0.056501,-0.121022,9.885139
1754123531834,0.03256,-0.116233,9.880351
1754123531842,0.049318,-0.116233,9.877956
1754123531846,0.039742,-0.116233,9.885139
1754123531848,0.046924,-0.132992,9.889927
1754123531854,0.034954,-0.13778,9.894716
1754123531859,0.03256,-0.113839,9.89711
1754123531863,0.030166,-0.13778,9.906686
1754123531868,0.039742,-0.130598,9.892321
1754123531875,0.034954,-0.13778,9.899504
1754123531878,0.034954,-0.130598,9.918656
1754123531882,0.042136,-0.142569,9.928233
1754123531889,0.049318,-0.130598,9.959355
1754123531893,0.039742,-0.121022,9.925838
1754123531897,0.034954,-0.135386,9.96175
1754123531901,0.042136,-0.123416,9.925838
1754123531907,0.042136,-0.132992,9.916262
1754123531911,0.037348,-0.123416,9.906686
1754123531916,0.03256,-0.132992,9.90908
1754123531921,0.030166,-0.130598,9.901897
1754123531926,0.030166,-0.118628,9.89711
1754123531931,0.022983,-0.118628,9.906686
1754123531936,0.042136,-0.123416,9.873169
1754123531941,0.051713,-0.123416,9.882745
1754123531945,0.042136,-0.123416,9.875563
1754123531951,0.034954,-0.142569,9.889927
1754123531956,0.046924,-0.121022,9.911474
1754123531960,0.04453,-0.149751,9.911474
1754123531965,0.058895,-0.130598,9.925838
1754123531971,0.056501,-0.128204,9.901897
1754123531975,0.046924,-0.123416,9.923445
1754123531979,0.04453,-0.123416,9.875563
1754123531983,0.046924,-0.128204,9.916262
1754123531990,0.03256,-0.132992,9.90908
1754123531994,0.046924,-0.132992,9.916262
1754123531998,0.03256,-0.130598,9.928233
1754123532004,0.037348,-0.113839,9.921051
1754123532008,0.011013,-0.106657,9.90908
1754123532013,0.027772,-0.128204,9.899504
1754123532019,0.013407,-0.135386,9.904292
1754123532024,0.037348,-0.121022,9.90908
1754123532027,0.049318,-0.135386,9.916262
1754123532032,0.049318,-0.118628,9.906686
1754123532037,0.037348,-0.123416,9.918656
1754123532042,0.042136,-0.109051,9.968933
1754123532046,0.037348,-0.130598,9.854015
1754123532053,0.051713,-0.128204,9.667275
1754123532057,0.04453,-0.111445,10.222707
1754123532062,0.051713,-0.132992,10.076667
1754123532069,0.046924,-0.140174,9.597847
1754123532072,0.063683,-0.123416,10.000055
1754123532075,0.03256,-0.101869,10.191584
1754123532080,0.046924,-0.147357,9.497294
1754123532086,0.034954,-0.123416,9.830075
1754123532089,0.042136,-0.106657,10.263407
1754123532095,0.030166,-0.123416,9.734311
1754123532102,0.034954,-0.116233,9.753464
1754123532104,0.03256,-0.116233,10.179613
1754123532109,0.03256,-0.121022,9.772615
1754123532117,0.025377,-0.128204,9.667275
1754123532121,0.030166,-0.118628,10.067091
1754123532125,0.030166,-0.118628,9.940203
1754123532129,0.037348,-0.142569,9.789374
1754123532134,0.046924,-0.116233,10.05512
1754123532138,0.042136,-0.118628,10.01442
1754123532144,0.04453,-0.135386,9.712764
1754123532149,0.046924,-0.132992,9.956962
1754123532153,0.03256,-0.12581,10.079061
1754123532157,0.046924,-0.135386,9.75107
1754123532162,0.058895,-0.132992,10.069485
1754123532168,0.049318,-0.12581,9.952174
1754123532173,0.054107,-0.142569,9.60503
1754123532177,0.018195,-0.109051,10.095819
1754123532184,0.030166,-0.128204,9.834863
1754123532187,0.018195,-0.12581,9.842045
1754123532192,0.046924,-0.132992,10.021603
1754123532198,0.020589,-0.12581,9.772615
1754123532202,0.025377,-0.12581,9.930627
1754123532205,0.020589,-0.132992,9.96175
1754123532210,0.027772,-0.123416,9.911474
1754123532218,0.054107,-0.12581,9.85641
1754123532221,0.039742,-0.121022,9.825287
1754123532225,0.046924,-0.116233,9.985691
1754123532231,0.027772,-0.118628,9.976115
1754123532236,0.03256,-0.132992,9.746281
1754123532240,0.04453,-0.121022,10.019209
1754123532248,0.058895,-0.130598,9.966537
1754123532251,0.034954,-0.135386,9.748674
1754123532255,0.03256,-0.128204,9.952174
1754123532260,0.042136,-0.113839,9.985691
1754123532266,0.039742,-0.135386,9.724735
1754123532269,0.04453,-0.130598,10.035967
1754123532274,0.03256,-0.123416,9.885139
1754123532280,0.030166,-0.135386,9.892321
1754123532284,0.03256,-0.144963,9.935414
1754123532288,0.018195,-0.123416,9.916262
1754123532293,0.051713,-0.130598,9.913868
1754123532302,0.025377,-0.144963,9.942596
1754123532306,0.037348,-0.121022,9.834863
1754123532309,0.030166,-0.121022,10.069485
1754123532316,0.03256,-0.135386,9.684034
1754123532318,0.037348,-0.116233,10.071878
1754123532322,0.030166,-0.140174,9.928233
1754123532326,0.034954,-0.128204,9.664882
1754123532332,0.068471,-0.113839,10.023996
1754123532336,0.03256,-0.123416,10.186796
1754123532341,0.039742,-0.135386,9.779799
1754123532346,0.04453,-0.128204,9.717552
1754123532350,0.051713,-0.128204,9.789374
1754123532356,0.034954,-0.116233,9.933021
1754123532362,0.051713,-0.123416,10.083849
1754123532366,0.030166,-0.116233,10.05512
1754123532370,0.030166,-0.113839,10.007237
1754123532375,0.04453,-0.123416,9.921051
1754123532381,0.054107,-0.130598,9.901897
1754123532385,0.034954,-0.128204,9.75107
1754123532390,0.030166,-0.118628,9.861197
1754123532397,0.027772,-0.140174,9.947386
1754123532399,0.039742,-0.13778,9.889927
1754123532405,0.042136,-0.142569,9.935414
1754123532410,0.049318,-0.130598,9.944992
1754123532414,0.042136,-0.123416,9.928233
1754123532418,0.046924,-0.13778,9.858804
1754123532424,0.039742,-0.12581,9.889927
1754123532432,0.027772,-0.12581,9.885139
1754123532436,0.049318,-0.13778,9.90908
1754123532438,0.030166,-0.111445,9.887533
1754123532445,0.037348,-0.128204,9.889927
1754123532450,0.051713,-0.12581,9.916262
1754123532454,0.037348,-0.118628,9.952174
1754123532459,0.027772,-0.128204,9.925838
1754123532465,0.034954,-0.142569,9.889927
1754123532467,0.025377,-0.123416,9.921051
1754123532477,0.034954,-0.118628,9.918656
1754123532482,0.054107,-0.118628,9.937809
1754123532483,0.068471,-0.130598,9.928233
1754123532487,0.070865,-0.132992,9.918656
1754123532492,0.027772,-0.132992,9.923445
1754123532497,0.025377,-0.128204,9.930627
1754123532500,0.03256,-0.130598,9.911474
1754123532505,0.054107,-0.128204,9.923445
1754123532510,0.034954,-0.132992,9.923445
1754123532515,0.049318,-0.130598,9.990479
1754123532519,0.054107,-0.135386,9.758252
1754123532525,0.022983,-0.12581,9.90908
1754123532529,0.042136,-0.116233,9.880351
1754123532534,0.03256,-0.132992,9.90908
1754123532540,0.034954,-0.123416,9.913868
1754123532545,0.034954,-0.12581,9.954568
1754123532549,0.034954,-0.121022,9.911474
1754123532554,0.037348,-0.135386,9.947386
1754123532561,0.04453,-0.142569,9.921051
1754123532565,0.042136,-0.118628,9.911474
1754123532569,0.04453,-0.132992,9.904292
1754123532576,0.046924,-0.12581,9.933021
1754123532578,0.049318,-0.132992,9.923445
1754123532582,0.056501,-0.12581,9.90908
1754123532588,0.030166,-0.123416,9.94978
1754123532592,0.042136,-0.123416,9.86838
1754123532597,0.04453,-0.123416,9.913868
1754123532601,0.042136,-0.116233,9.885139
1754123532607,0.034954,-0.128204,9.911474
1754123532611,0.03256,-0.130598,9.899504
1754123532616,0.042136,-0.132992,9.906686
1754123532622,0.04453,-0.135386,9.90908
1754123532626,0.022983,-0.118628,9.863592
1754123532631,0.034954,-0.13778,9.880351
1754123532636,0.04453,-0.13778,10.009632
1754123532640,0.03256,-0.128204,9.942596
1754123532657,0.022983,-0.142569,9.834863
1754123532658,0.037348,-0.121022,9.96175
1754123532660,0.049318,-0.130598,9.90908
1754123532661,0.066077,-0.121022,9.992874
1754123532665,0.037348,-0.128204,9.916262
1754123532672,0.051713,-0.123416,9.873169
1754123532676,0.039742,-0.121022,9.990479
1754123532679,0.04453,-0.130598,9.877956
1754123532684,0.04453,-0.106657,9.942596
1754123532689,0.058895,-0.12581,9.913868
1754123532694,0.04453,-0.123416,9.887533
1754123532700,0.039742,-0.118628,9.887533
1754123532708,0.025377,-0.121022,9.865986
1754123532709,0.025377,-0.135386,9.885139
1754123532721,0.042136,-0.123416,9.89711
1754123532722,0.058895,-0.12581,9.892321
1754123532724,0.025377,-0.116233,9.899504
1754123532727,0.03256,-0.132992,9.916262
1754123532732,0.037348,-0.135386,9.916262
1754123532737,0.046924,-0.12581,9.90908
1754123532742,0.046924,-0.12581,9.918656
1754123532747,0.04453,-0.135386,9.916262
1754123532752,0.034954,-0.123416,9.918656
1754123532756,0.039742,-0.128204,9.904292
1754123532761,0.046924,-0.132992,9.904292
1754123532766,0.054107,-0.116233,9.937809
1754123532773,0.022983,-0.142569,9.94978
1754123532776,0.042136,-0.116233,9.947386
1754123532780,0.025377,-0.132992,9.930627
1754123532785,0.022983,-0.118628,9.901897
1754123532790,0.04453,-0.135386,9.89711
1754123532795,0.04453,-0.123416,9.901897
1754123532801,0.03256,-0.135386,9.904292
1754123532804,0.034954,-0.135386,9.894716
1754123532809,0.042136,-0.135386,9.904292
1754123532816,0.03256,-0.135386,9.892321
1754123532823,0.042136,-0.123416,9.90908
1754123532825,0.054107,-0.132992,9.925838
1754123532829,0.034954,-0.140174,9.916262
1754123532835,0.063683,-0.132992,9.90908
1754123532838,0.025377,-0.12581,9.904292
1754123532843,0.030166,-0.128204,9.90908
1754123532848,0.049318,-0.128204,9.90908
1754123532853,0.046924,-0.121022,9.89711
1754123532860,0.04453,-0.121022,9.921051
1754123532862,0.039742,-0.109051,9.928233
1754123532867,0.046924,-0.130598,9.918656
1754123532872,0.039742,-0.12581,9.921051
1754123532877,0.046924,-0.130598,9.923445
1754123532885,0.025377,-0.128204,9.916262
1754123532888,0.039742,-0.113839,9.889927
1754123532891,0.030166,-0.116233,9.904292
1754123532896,0.020589,-0.123416,9.85641
1754123532914,0.042136,-0.118628,9.877956
1754123532917,0.034954,-0.132992,9.901897
1754123532918,0.051713,-0.132992,9.956962
1754123532918,0.049318,-0.130598,10.000055
1754123532921,0.039742,-0.130598,9.992874
1754123532925,0.042136,-0.12581,9.913868
1754123532931,0.058895,-0.132992,9.839651
1754123532935,0.046924,-0.12581,9.80374
1754123532940,0.042136,-0.128204,9.873169
1754123532944,0.042136,-0.118628,9.956962
1754123532950,0.030166,-0.123416,10.01442
1754123532955,0.051713,-0.12581,9.964144
1754123532959,0.042136,-0.121022,9.851622
1754123532964,0.042136,-0.135386,9.791769
1754123532969,0.049318,-0.130598,9.870775
1754123532974,0.034954,-0.128204,9.971327
1754123532980,0.030166,-0.121022,10.004844
1754123532984,0.046924,-0.123416,9.947386
1754123532988,0.049318,-0.123416,9.877956
1754123532993,0.042136,-0.130598,9.870775
1754123532998,0.056501,-0.12581,9.90908
1754123533002,0.03256,-0.123416,9.952174
1754123533007,0.042136,-0.128204,9.94978
1754123533014,0.03256,-0.123416,9.916262
1754123533019,0.042136,-0.130598,9.842045
1754123533022,0.066077,-0.118628,9.854015
1754123533027,0.039742,-0.104263,9.952174
1754123533032,0.04453,-0.128204,9.930627
1754123533037,0.04453,-0.118628,9.918656
1754123533041,0.037348,-0.113839,9.873169
1754123533047,0.03256,-0.132992,9.899504
1754123533051,0.034954,-0.130598,9.978509
1754123533058,0.046924,-0.135386,9.968933
1754123533065,0.030166,-0.128204,9.894716
1754123533068,0.025377,-0.12581,9.842045
1754123533073,0.030166,-0.12581,9.921051
1754123533081,0.042136,-0.123416,9.990479
1754123533085,0.04453,-0.118628,9.940203
1754123533090,0.042136,-0.144963,9.865986
1754123533096,0.051713,-0.135386,9.851622
1754123533098,0.049318,-0.12581,9.887533
1754123533102,0.051713,-0.123416,9.96175
1754123533104,0.037348,-0.116233,9.954568
1754123533110,0.022983,-0.135386,9.988085
1754123533124,0.037348,-0.113839,9.96175
1754123533125,0.030166,-0.116233,9.873169
1754123533126,0.051713,-0.13778,9.873169
1754123533130,0.030166,-0.135386,9.846834
1754123533133,0.039742,-0.128204,9.858804
1754123533138,0.046924,-0.132992,9.849228
1754123533144,0.049318,-0.135386,9.918656
1754123533147,0.042136,-0.135386,9.968933
1754123533152,0.03256,-0.128204,9.947386
1754123533157,0.049318,-0.132992,10.00245
1754123533162,0.049318,-0.12581,9.944992
1754123533167,0.04453,-0.142569,9.90908
1754123533172,0.04453,-0.130598,9.877956
1754123533177,0.034954,-0.128204,9.846834
1754123533181,0.022983,-0.12581,9.928233
1754123533187,0.046924,-0.121022,9.882745
1754123533196,0.042136,-0.123416,9.937809
1754123533200,0.037348,-0.123416,9.90908
1754123533202,0.04453,-0.140174,9.930627
1754123533210,0.054107,-0.13778,9.894716
1754123533214,0.037348,-0.128204,9.875563
1754123533217,0.042136,-0.128204,9.880351
1754123533220,0.04453,-0.109051,9.923445
1754123533227,0.042136,-0.123416,9.921051
1754123533230,0.037348,-0.123416,9.942596
1754123533235,0.022983,-0.132992,9.933021
1754123533241,0.039742,-0.13778,9.930627
1754123533245,0.042136,-0.111445,9.933021
1754123533249,0.04453,-0.132992,9.923445
1754123533256,0.046924,-0.142569,9.913868
1754123533265,0.03256,-0.135386,9.90908
1754123533266,0.027772,-0.144963,9.901897
1754123533271,0.056501,-0.12581,9.89711
1754123533276,0.037348,-0.121022,9.894716
1754123533279,0.046924,-0.12581,9.911474
1754123533283,0.034954,-0.121022,9.913868
1754123533288,0.051713,-0.118628,9.923445
1754123533294,0.04453,-0.113839,9.918656
1754123533297,0.03256,-0.118628,9.930627
1754123533303,0.051713,-0.121022,9.913868
1754123533308,0.042136,-0.116233,9.911474
1754123533313,0.046924,-0.132992,9.90908
1754123533317,0.046924,-0.118628,9.921051
1754123533323,0.025377,-0.113839,9.925838
1754123533327,0.054107,-0.130598,9.911474
1754123533331,0.039742,-0.128204,9.913868
1754123533336,0.034954,-0.132992,9.928233
1754123533342,0.027772,-0.118628,9.918656
1754123533346,0.025377,-0.12581,9.913868
1754123533350,0.049318,-0.128204,9.918656
1754123533356,0.039742,-0.132992,9.827681
1754123533361,0.034954,-0.130598,10.026391
1754123533365,0.034954,-0.13778,9.839651
1754123533372,0.034954,-0.123416,9.894716
1754123533376,0.03256,-0.135386,9.928233
1754123533379,0.020589,-0.116233,9.978509
1754123533385,0.049318,-0.12581,10.095819
1754123533390,0.030166,-0.149751,9.743887
1754123533395,0.04453,-0.142569,9.602634
1754123533399,0.037348,-0.12581,10.079061
1754123533406,0.046924,-0.106657,10.18919
1754123533409,0.054107,-0.144963,9.60503
1754123533413,0.04453,-0.118628,10.25383
1754123533418,0.037348,-0.13778,9.703188
1754123533424,0.039742,-0.109051,9.887533
1754123533428,0.034954,-0.116233,9.923445
1754123533433,0.049318,-0.121022,9.978509
1754123533444,0.039742,-0.140174,9.870775
1754123533447,0.03256,-0.109051,9.904292
1754123533449,0.027772,-0.130598,9.801346
1754123533454,0.039742,-0.111445,10.237072
1754123533460,0.025377,-0.144963,9.528418
1754123533461,0.020589,-0.111445,10.138914
1754123533466,0.03256,-0.128204,9.889927
1754123533471,0.058895,-0.132992,9.873169
1754123533476,0.046924,-0.118628,9.952174
1754123533481,0.04453,-0.147357,9.717552
1754123533486,0.04453,-0.104263,10.193977
1754123533491,0.058895,-0.144963,9.691216
1754123533496,0.034954,-0.116233,10.095819
1754123533501,0.04453,-0.13778,9.818104
1754123533506,0.042136,-0.140174,10.074273
1754123533510,0.034954,-0.135386,9.700794
1754123533516,0.027772,-0.111445,10.016815
1754123533523,0.054107,-0.132992,9.758252
1754123533527,0.04453,-0.111445,10.177218
1754123533531,0.037348,-0.140174,9.6577
1754123533535,0.030166,-0.116233,10.004844
1754123533539,0.020589,-0.121022,9.882745
1754123533544,0.051713,-0.132992,9.892321
1754123533550,0.03256,-0.121022,10.076667
1754123533554,0.025377,-0.13778,9.798952
1754123533558,0.039742,-0.12581,9.863592
1754123533563,0.030166,-0.12581,9.968933
1754123533569,0.018195,-0.123416,9.980903
1754123533573,0.049318,-0.116233,9.913868
1754123533578,0.03256,-0.109051,9.892321
1754123533584,0.039742,-0.128204,9.882745
1754123533588,0.034954,-0.118628,9.918656
1754123533593,0.020589,-0.109051,9.901897
1754123533597,0.042136,-0.121022,9.940203
1754123533603,0.04453,-0.130598,9.880351
1754123533607,0.037348,-0.12581,9.925838
1754123533612,0.042136,-0.130598,9.887533
1754123533618,0.056501,-0.140174,9.976115
1754123533621,0.042136,-0.121022,9.827681
1754123533626,0.034954,-0.132992,9.928233
1754123533632,0.020589,-0.130598,9.976115
1754123533635,0.04453,-0.12581,9.865986
1754123533640,0.042136,-0.111445,9.933021
1754123533645,0.046924,-0.109051,9.928233
1754123533651,0.042136,-0.130598,9.86838
1754123533655,0.034954,-0.128204,9.973721
1754123533660,0.034954,-0.132992,9.942596
1754123533667,0.034954,-0.123416,9.863592
1754123533670,0.039742,-0.130598,9.921051
1754123533674,0.049318,-0.135386,9.916262
1754123533681,0.037348,-0.135386,9.918656
1754123533685,0.04453,-0.12581,9.906686
1754123533689,0.046924,-0.132992,9.930627
1754123533695,0.034954,-0.111445,9.887533
1754123533700,0.030166,-0.12581,9.911474
1754123533704,0.039742,-0.113839,9.923445
1754123533708,0.039742,-0.118628,9.913868
1754123533715,0.042136,-0.101869,9.894716
1754123533718,0.042136,-0.121022,9.911474
1754123533723,0.037348,-0.118628,9.906686
1754123533728,0.037348,-0.118628,9.904292
1754123533733,0.051713,-0.132992,9.930627
1754123533737,0.051713,-0.140174,9.921051
1754123533742,0.039742,-0.123416,9.937809
1754123533748,0.03256,-0.140174,9.928233
1754123533752,0.030166,-0.121022,9.940203
1754123533757,0.025377,-0.12581,9.942596
1754123533763,0.022983,-0.130598,9.925838
1754123533767,0.042136,-0.13778,9.937809
1754123533771,0.037348,-0.128204,9.892321
1754123533776,0.037348,-0.13778,9.930627
1754123533783,0.039742,-0.118628,9.944992
1754123533786,0.034954,-0.123416,9.904292
1754123533790,0.042136,-0.12581,9.937809
1754123533796,0.030166,-0.132992,9.85641
1754123533800,0.04453,-0.118628,9.966537
1754123533805,0.03256,-0.123416,9.889927
1754123533809,0.042136,-0.106657,9.916262
1754123533816,0.051713,-0.121022,9.877956
1754123533821,0.046924,-0.12581,9.906686
1754123533825,0.042136,-0.118628,9.901897
1754123533830,0.034954,-0.130598,9.89711
1754123533835,0.034954,-0.144963,9.925838
1754123533839,0.056501,-0.118628,9.940203
1754123533846,0.037348,-0.135386,9.928233
1754123533849,0.030166,-0.130598,9.918656
1754123533855,0.034954,-0.132992,9.942596
1754123533858,0.027772,-0.13778,9.904292
1754123533863,0.03256,-0.130598,9.913868
1754123533868,0.051713,-0.121022,9.921051
1754123533873,0.042136,-0.13778,9.947386
1754123533879,0.030166,-0.121022,9.921051
1754123533883,0.049318,-0.132992,9.923445
1754123533888,0.03256,-0.123416,9.921051
1754123533894,0.042136,-0.118628,9.901897
1754123533899,0.042136,-0.12581,9.894716
1754123533901,0.039742,-0.130598,9.937809
1754123533906,0.034954,-0.128204,9.904292
1754123533913,0.046924,-0.111445,9.923445
1754123533917,0.034954,-0.118628,9.889927
1754123533921,0.013407,-0.132992,9.894716
1754123533927,0.039742,-0.109051,9.894716
1754123533931,0.039742,-0.116233,9.928233
1754123533936,0.034954,-0.130598,9.935414
1754123533940,0.051713,-0.12581,9.921051
1754123533946,0.025377,-0.121022,9.928233
1754123533950,0.054107,-0.116233,9.913868
1754123533955,0.039742,-0.123416,9.90908
1754123533961,0.039742,-0.140174,9.930627
1754123533965,0.042136,-0.13778,9.933021
1754123533969,0.037348,-0.128204,9.921051
1754123533976,0.022983,-0.12581,9.928233
1754123533981,0.034954,-0.132992,9.911474
1754123533984,0.039742,-0.121022,9.911474
1754123533989,0.039742,-0.118628,9.911474
1754123533996,0.030166,-0.118628,9.913868
1754123533998,0.037348,-0.128204,9.904292
1754123534003,0.039742,-0.12581,9.918656
1754123534011,0.034954,-0.12581,9.901897
1754123534014,0.056501,-0.12581,9.89711
1754123534018,0.04453,-0.121022,9.904292
1754123534024,0.027772,-0.121022,9.892321
1754123534028,0.042136,-0.123416,9.899504
1754123534032,0.037348,-0.121022,9.90908
1754123534038,0.042136,-0.121022,9.918656
1754123534044,0.046924,-0.130598,9.94978
1754123534047,0.046924,-0.144963,9.942596
1754123534051,0.025377,-0.118628,9.921051
1754123534058,0.039742,-0.128204,9.928233
1754123534061,0.04453,-0.121022,9.930627
1754123534066,0.049318,-0.13778,9.930627
1754123534073,0.027772,-0.132992,9.940203
1754123534076,0.034954,-0.140174,9.918656
1754123534081,0.015801,-0.116233,9.913868
1754123534085,0.034954,-0.121022,9.89711
1754123534091,0.049318,-0.118628,9.901897
1754123534095,0.030166,-0.130598,9.913868
1754123534099,0.039742,-0.135386,9.916262
1754123534106,0.034954,-0.132992,9.925838
1754123534109,0.049318,-0.121022,9.90908
1754123534115,0.027772,-0.128204,9.894716
1754123534123,0.020589,-0.113839,9.877956
1754123534125,0.039742,-0.128204,9.90908
1754123534129,0.037348,-0.142569,9.916262
1754123534135,0.049318,-0.128204,9.901897
1754123534146,0.039742,-0.113839,9.90908
1754123534150,0.030166,-0.132992,9.916262
1754123534152,0.03256,-0.123416,9.923445
1754123534157,0.03256,-0.121022,9.916262
1754123534159,0.042136,-0.13778,9.904292
1754123534163,0.039742,-0.116233,9.911474
1754123534168,0.034954,-0.13778,9.918656
1754123534173,0.022983,-0.121022,9.916262
1754123534177,0.022983,-0.13778,9.901897
1754123534182,0.034954,-0.104263,9.904292
1754123534187,0.025377,-0.101869,9.930627
1754123534191,0.037348,-0.13778,9.921051
1754123534197,0.04453,-0.116233,9.944992
1754123534204,0.025377,-0.123416,9.925838
1754123534208,0.054107,-0.118628,9.930627
1754123534211,0.034954,-0.13778,9.901897
1754123534215,0.04453,-0.128204,9.904292
1754123534222,0.042136,-0.123416,9.90908
1754123534225,0.049318,-0.12581,9.901897
1754123534230,0.042136,-0.130598,9.928233
1754123534238,0.042136,-0.135386,9.921051
1754123534240,0.03256,-0.130598,9.904292
1754123534244,0.037348,-0.118628,9.906686
1754123534252,0.030166,-0.116233,9.916262
1754123534256,0.039742,-0.118628,9.923445
1754123534260,0.03256,-0.128204,9.944992
1754123534265,0.022983,-0.140174,9.918656
1754123534271,0.027772,-0.140174,9.899504
1754123534274,0.025377,-0.123416,9.904292
1754123534279,0.030166,-0.128204,9.901897
1754123534286,0.037348,-0.128204,9.901897
1754123534289,0.022983,-0.128204,9.923445
1754123534293,0.018195,-0.135386,9.933021
1754123534301,0.037348,-0.116233,9.923445
1754123534304,0.03256,-0.128204,9.906686
1754123534307,0.030166,-0.12581,9.913868
1754123534312,0.058895,-0.118628,9.90908
1754123534318,0.025377,-0.128204,9.906686
1754123534323,0.039742,-0.118628,9.899504
1754123534327,0.039742,-0.135386,9.901897
1754123534333,0.039742,-0.128204,9.904292
1754123534337,0.056501,-0.106657,9.935414
1754123534342,0.051713,-0.116233,9.928233
1754123534346,0.034954,-0.121022,9.935414
1754123534355,0.037348,-0.121022,9.916262
1754123534356,0.027772,-0.130598,9.899504
1754123534361,0.039742,-0.142569,9.921051
1754123534367,0.034954,-0.12581,9.918656
1754123534371,0.025377,-0.123416,9.928233
1754123534375,0.037348,-0.132992,9.911474
1754123534383,0.03256,-0.121022,9.911474
1754123534386,0.034954,-0.128204,9.899504
1754123534389,0.034954,-0.121022,9.899504
1754123534395,0.027772,-0.123416,9.887533
1754123534401,0.025377,-0.118628,9.904292
1754123534405,0.03256,-0.13778,9.899504
1754123534409,0.046924,-0.121022,9.916262
1754123534415,0.042136,-0.128204,9.911474
1754123534419,0.034954,-0.128204,9.928233
1754123534423,0.03256,-0.130598,9.916262
1754123534428,0.042136,-0.135386,9.930627
1754123534435,0.051713,-0.121022,9.925838
1754123534438,0.037348,-0.123416,9.940203
1754123534443,0.046924,-0.118628,9.94978
1754123534452,0.03256,-0.130598,9.930627
1754123534456,0.054107,-0.13778,9.918656
1754123534460,0.04453,-0.12581,9.90908
1754123534463,0.030166,-0.12581,9.923445
1754123534467,0.037348,-0.12581,9.89711
1754123534471,0.037348,-0.123416,9.89711
1754123534477,0.03256,-0.118628,9.880351
1754123534483,0.042136,-0.121022,9.880351
1754123534486,0.018195,-0.128204,9.894716
1754123534491,0.03256,-0.118628,9.904292
1754123534499,0.039742,-0.118628,9.923445
1754123534505,0.03256,-0.132992,9.913868
1754123534507,0.034954,-0.12581,9.894716
1754123534514,0.027772,-0.12581,9.892321
1754123534518,0.03256,-0.12581,9.899504
1754123534521,0.037348,-0.121022,9.911474
1754123534525,0.039742,-0.132992,9.921051
1754123534531,0.030166,-0.12581,9.933021
1754123534535,0.039742,-0.12581,9.940203
1754123534540,0.04453,-0.144963,9.916262
1754123534547,0.034954,-0.135386,9.906686
1754123534549,0.030166,-0.123416,9.904292
1754123534554,0.037348,-0.13778,9.913868
1754123534559,0.030166,-0.123416,9.901897
1754123534564,0.037348,-0.135386,9.904292
1754123534568,0.025377,-0.13778,9.916262
1754123534573,0.037348,-0.135386,9.904292
1754123534579,0.027772,-0.118628,9.901897
1754123534582,0.015801,-0.13778,9.89711
1754123534587,0.037348,-0.118628,9.90908
1754123534593,0.046924,-0.135386,9.90908
1754123534598,0.049318,-0.130598,9.921051
1754123534602,0.025377,-0.147357,9.940203
1754123534607,0.037348,-0.130598,9.925838
1754123534614,0.027772,-0.097081,9.937809
1754123534617,0.034954,-0.135386,9.904292
1754123534622,0.04453,-0.123416,9.911474
1754123534629,0.027772,-0.123416,9.86838
1754123534633,0.042136,-0.104263,9.844439
1754123534637,0.027772,-0.130598,9.851622
1754123534643,0.04453,-0.12581,9.889927
1754123534649,0.020589,-0.130598,9.899504
1754123534651,0.025377,-0.12581,9.904292
1754123534656,0.025377,-0.113839,9.904292
1754123534662,0.042136,-0.121022,9.894716
1754123534665,0.018195,-0.12581,9.928233
1754123534670,0.042136,-0.13778,9.954568
1754123534677,0.025377,-0.130598,9.964144
1754123534680,0.025377,-0.132992,9.918656
1754123534685,0.022983,-0.140174,9.978509
1754123534689,0.025377,-0.142569,10.004844
1754123534695,0.030166,-0.128204,9.997662
1754123534699,0.037348,-0.118628,9.96175
1754123534704,0.030166,-0.123416,9.918656
1754123534710,0.025377,-0.132992,9.899504
1754123534713,0.015801,-0.132992,9.880351
1754123534718,0.015801,-0.128204,9.892321
1754123534725,0.025377,-0.132992,9.94978
1754123534728,0.006225,-0.130598,9.964144
1754123534733,0.013407,-0.121022,9.930627
1754123534738,0.003831,-0.12581,9.880351
1754123534743,0.027772,-0.132992,9.820498
1754123534747,0.063683,-0.113839,9.844439
1754123534752,0.049318,-0.130598,9.899504
