1755068926817,0.081077,-0.055172,9.742457
1755068926818,0.086383,-0.056503,9.745675
1755068926819,0.08962,-0.051475,9.742544
1755068926820,0.086344,-0.050623,9.729241
1755068926821,0.084324,-0.051226,9.721857
1755068926822,0.078731,-0.055976,9.728379
1755068926823,0.079229,-0.055526,9.734768
1755068926824,0.07942,-0.043546,9.738588
1755068926824,0.079487,-0.048459,9.73605
1755068926825,0.088087,-0.057078,9.72839
1755068926826,0.09142,-0.060382,9.725305
1755068926826,0.100212,-0.068168,9.724691
1755068926827,0.100173,-0.067277,9.71591
1755068926828,0.091037,-0.063858,9.716208
1755068926830,0.087695,-0.069125,9.722958
1755068926831,0.08781,-0.061818,9.725813
1755068926832,0.091238,-0.055881,9.722241
1755068926833,0.090472,-0.058045,9.727286
1755068926834,0.088423,-0.049761,9.737782
1755068926835,0.092474,-0.058735,9.737965
1755068926836,0.091861,-0.055105,9.735484
1755068926837,0.086881,-0.051456,9.737074
1755068926837,0.090788,-0.052787,9.736413
1755068926838,0.075532,-0.043843,9.730763
1755068926839,0.08012,-0.045806,9.736873
1755068926839,0.080771,-0.049014,9.736309
1755068926840,0.082983,-0.055239,9.734892
1755068926840,0.094025,-0.062201,9.732784
1755068926841,0.095806,-0.06201,9.733981
1755068926842,0.086287,-0.068551,9.739305
1755068926842,0.090386,-0.071472,9.735446
1755068926843,0.096505,-0.065735,9.737639
1755068926843,0.084563,-0.062086,9.737352
1755068926844,0.084266,-0.058083,9.741345
1755068926844,0.081403,-0.055421,9.735351
1755068926845,0.087254,-0.059807,9.7259
1755068926846,0.078463,-0.062604,9.736597
1755068926846,0.081068,-0.069566,9.73876
1755068926847,0.083012,-0.061215,9.738042
1755068926847,0.080771,-0.052423,9.740752
1755068926848,0.089581,-0.049675,9.733924
1755068926848,0.086507,-0.048181,9.730705
1755068926849,0.080656,-0.042646,9.729241
1755068926850,0.091449,-0.04933,9.721341
1755068926850,0.094533,-0.058246,9.723111
1755068926851,0.091516,-0.054138,9.737304
1755068926851,0.086182,-0.057748,9.747197
1755068926852,0.079985,-0.05612,9.752111
1755068926852,0.082734,-0.057317,9.740752
1755068926853,0.091985,-0.043287,9.738003
1755068926853,0.099273,-0.047405,9.739708
1755068926854,0.095059,-0.043737,9.731922
1755068926855,0.087973,-0.047348,9.73062
1755068926855,0.095797,-0.059922,9.737563
1755068926856,0.090012,-0.063408,9.738148
1755068926856,0.087235,-0.059242,9.725496
1755068926857,0.086775,-0.063667,9.713946
1755068926857,0.097865,-0.068857,9.725257
1755068926858,0.09573,-0.057672,9.729547
1755068926858,0.094274,-0.056015,9.732669
1755068926859,0.101782,-0.058964,9.726597
1755068926862,0.091573,-0.06019,9.72973
1755068926863,0.085339,-0.063916,9.732238
1755068926865,0.076203,-0.063935,9.724932
1755068926866,0.075475,-0.062977,9.734067
1755068926868,0.079545,-0.062173,9.732171
1755068926870,0.07128,-0.060391,9.734593
1755068926872,0.064758,-0.062125,9.732889
1755068926874,0.07015,-0.060324,9.736384
1755068926877,0.079344,-0.059252,9.730984
1755068926879,0.083519,-0.060276,9.712041
1755068926880,0.084544,-0.06879,9.702684
1755068926882,0.090625,-0.070667,9.710395
1755068926884,0.091363,-0.068091,9.715977
1755068926886,0.096525,-0.062795,9.721943
1755068926889,0.101313,-0.068714,9.73084
1755068926891,0.098248,-0.067679,9.731023
1755068926893,0.092952,-0.055134,9.720373
1755068926894,0.084898,-0.049426,9.71409
1755068926897,0.091478,-0.054262,9.718476
1755068926899,0.088662,-0.048478,9.715948
1755068926900,0.084056,-0.049914,9.717126
1755068926902,0.088116,-0.04504,9.714177
1755068926904,0.087973,-0.038901,9.714215
1755068926906,0.093316,-0.04504,9.730955
1755068926908,0.091267,-0.046141,9.736183
1755068926910,0.086603,-0.045452,9.7297
1755068926913,0.094226,-0.04572,9.736433
1755068926915,0.096735,-0.047405,9.72788
1755068926917,0.086737,-0.047089,9.722692
1755068926919,0.083816,-0.040711,9.71522
1755068926920,0.088308,-0.050403,9.723715
1755068926923,0.08034,-0.0516,9.724251
1755068926924,0.092474,-0.052328,9.721206
1755068926926,0.093077,-0.049158,9.712011
1755068926929,0.099493,-0.062173,9.710892
1755068926930,0.090032,-0.063035,9.72291
1755068926932,0.083443,-0.059357,9.730466
1755068926934,0.082475,-0.057901,9.736156
1755068926936,0.084946,-0.054684,9.727077
1755068926938,0.097501,-0.046658,9.721867
1755068926940,0.094341,-0.042971,9.714693
1755068926943,0.088471,-0.053257,9.719636
1755068926944,0.087791,-0.058237,9.731674
1755068926946,0.092818,-0.060276,9.730918
1755068926948,0.097894,-0.064902,9.731722
1755068926950,0.102548,-0.060832,9.731089
1755068926952,0.106044,-0.058284,9.731473
1755068926954,0.105594,-0.050824,9.73604
1755068926956,0.105661,-0.050211,9.727526
1755068926959,0.097885,-0.055296,9.726703
1755068926960,0.072975,-0.044705,9.730103
1755068926963,0.073148,-0.051217,9.736567
1755068926965,0.089361,-0.053132,9.740926
1755068926966,0.092694,-0.054435,9.737275
1755068926969,0.077907,-0.056072,9.741327
1755068926970,0.069441,-0.053228,9.755634
1755068926972,0.070418,-0.06699,9.757099
1755068926975,0.072113,-0.072899,9.74239
1755068926977,0.081077,-0.068129,9.74576
1755068926979,0.073856,-0.064203,9.743328
1755068926981,0.079574,-0.056369,9.73763
1755068926983,0.07876,-0.044398,9.72473
1755068926984,0.081518,-0.054798,9.71839
1755068926986,0.0964,-0.05793,9.721503
1755068926989,0.104023,-0.060085,9.72587
1755068926990,0.099446,-0.0645,9.724768
1755068926993,0.096707,-0.057643,9.723063
1755068926995,0.090807,-0.044159,9.717586
1755068926997,0.086507,-0.046323,9.717566
1755068926999,0.083816,-0.057288,9.71773
1755068927001,0.076567,-0.051025,9.726769
1755068927003,0.076222,-0.05046,9.722469
1755068927004,0.075274,-0.059817,9.722345
1755068927006,0.074804,-0.05928,9.724482
1755068927009,0.07897,-0.050288,9.727286
1755068927010,0.076806,-0.041889,9.722048
1755068927013,0.075791,-0.040606,9.72611
1755068927015,0.081058,-0.039303,9.738453
1755068927017,0.086373,-0.047127,9.740742
1755068927019,0.093843,-0.060592,9.738291
1755068927021,0.087455,-0.066894,9.726894
1755068927022,0.083357,-0.061205,9.736607
1755068927024,0.082188,-0.05838,9.739679
1755068927027,0.073904,-0.05182,9.732918
1755068927029,0.08757,-0.049761,9.731146
1755068927031,0.078932,-0.052711,9.72726
1755068927033,0.081489,-0.052605,9.733607
1755068927035,0.093173,-0.051609,9.733311
1755068927036,0.090491,-0.058294,9.730659
1755068927039,0.085281,-0.057499,9.729748
1755068927041,0.085665,-0.052079,9.733914
1755068927043,0.090348,-0.057585,9.723265
1755068927046,0.092129,-0.044599,9.727181
1755068927047,0.088643,-0.051351,9.730466
1755068927049,0.075417,-0.048315,9.727957
1755068927050,0.07354,-0.046831,9.731165
1755068927053,0.07152,-0.04933,9.734354
1755068927054,0.061837,-0.05613,9.732027
1755068927056,0.064356,-0.065486,9.723456
1755068927058,0.076959,-0.06291,9.726397
1755068927061,0.088614,-0.062604,9.736241
1755068927063,0.086526,-0.060324,9.735667
1755068927064,0.078721,-0.057537,9.739392
1755068927066,0.089811,-0.065553,9.733129
1755068927068,0.099369,-0.0706,9.731453
1755068927070,0.104358,-0.073215,9.736222
1755068927072,0.105259,-0.071242,9.740016
1755068927074,0.096687,-0.068024,9.740589
1755068927077,0.09436,-0.065151,9.733705
1755068927079,0.088432,-0.057719,9.72611
1755068927081,0.089294,-0.055526,9.724002
1755068927082,0.081183,-0.059223,9.732498
1755068927084,0.089467,-0.052165,9.734221
1755068927086,0.081786,-0.048468,9.726147
1755068927088,0.070294,-0.055651,9.721436
1755068927091,0.084372,-0.059501,9.714636
1755068927092,0.092962,-0.056733,9.717683
1755068927095,0.096333,-0.058974,9.732784
1755068927097,0.091047,-0.063207,9.732678
1755068927099,0.090079,-0.064251,9.725325
1755068927100,0.097588,-0.054387,9.733981
1755068927103,0.109338,-0.047032,9.732334
1755068927105,0.0989,-0.04527,9.72971
1755068927106,0.089945,-0.051054,9.728255
1755068927108,0.082112,-0.061952,9.728608
1755068927110,0.08689,-0.057767,9.725592
1755068927113,0.09346,-0.06179,9.722594
1755068927114,0.082887,-0.062853,9.727345
1755068927116,0.080043,-0.060497,9.726942
1755068927118,0.080713,-0.052318,9.723514
1755068927120,0.080962,-0.044618,9.728494
1755068927122,0.086163,-0.038786,9.735408
1755068927124,0.092071,-0.056522,9.731415
1755068927126,0.086986,-0.063197,9.726137
1755068927128,0.077649,-0.053372,9.722135
1755068927131,0.074412,-0.048286,9.728639
1755068927132,0.06586,-0.048823,9.72653
1755068927134,0.071002,-0.043766,9.721915
1755068927136,0.073789,-0.045509,9.726014
1755068927138,0.070035,-0.054233,9.736357
1755068927140,0.082332,-0.051801,9.72543
1755068927142,0.101811,-0.0568,9.716887
1755068927144,0.102424,-0.062374,9.720382
1755068927147,0.097683,-0.063686,9.723831
1755068927149,0.078913,-0.065774,9.732755
1755068927151,0.072018,-0.058725,9.729079
1755068927152,0.082351,-0.051925,9.732344
1755068927154,0.098976,-0.04548,9.746048
1755068927156,0.090779,-0.051313,9.748337
1755068927158,0.07512,-0.057451,9.746489
1755068927161,0.074278,-0.049186,9.725266
1755068927163,0.080895,-0.042559,9.734057
1755068927164,0.07151,-0.055239,9.741585
1755068927167,0.071941,-0.058744,9.735494
1755068927169,0.081709,-0.055411,9.724777
1755068927170,0.079171,-0.065007,9.726367
1755068927172,0.076959,-0.053276,9.726636
1755068927174,0.084123,-0.047874,9.731884
1755068927176,0.093173,-0.056867,9.73626
1755068927178,0.08735,-0.065448,9.736012
1755068927181,0.081508,-0.055459,9.717365
1755068927183,0.089754,-0.057346,9.714061
1755068927184,0.097367,-0.05725,9.716304
1755068927187,0.097798,-0.059625,9.709599
1755068927188,0.086105,-0.048727,9.722259
1755068927190,0.078568,-0.041908,9.723391
1755068927192,0.084238,-0.05386,9.719979
1755068927194,0.075504,-0.057106,9.725286
1755068927197,0.077792,-0.050757,9.731224
1755068927199,0.076193,-0.050949,9.730582
1755068927200,0.082878,-0.048382,9.733474
1755068927203,0.082159,-0.045365,9.733512
1755068927204,0.083577,-0.045011,9.733302
1755068927207,0.088126,-0.053458,9.731577
1755068927208,0.091813,-0.053515,9.731473
1755068927210,0.093029,-0.054109,9.732411
1755068927212,0.094485,-0.057566,9.735917
1755068927215,0.083931,-0.062594,9.740062
1755068927217,0.085981,-0.053994,9.738913
1755068927219,0.079669,-0.057355,9.741068
1755068927220,0.086258,-0.06223,9.741806
1755068927222,0.09347,-0.076691,9.738175
1755068927224,0.089601,-0.06382,9.737449
1755068927226,0.103698,-0.065285,9.724482
1755068927228,0.10567,-0.054885,9.716763
1755068927231,0.103554,-0.049282,9.723408
1755068927233,0.100968,-0.045921,9.732038
1755068927234,0.094379,-0.051236,9.733178
1755068927236,0.080761,-0.064414,9.738062
1755068927239,0.079497,-0.053496,9.735273
1755068927240,0.087982,-0.063341,9.73491
1755068927242,0.088901,-0.060937,9.729769
1755068927244,0.088557,-0.063207,9.726253
1755068927246,0.069872,-0.059893,9.725142
1755068927249,0.056858,-0.056925,9.727986
1755068927251,0.063753,-0.050508,9.727229
1755068927253,0.077898,-0.053908,9.728867
1755068927255,0.088499,-0.051494,9.719299
1755068927256,0.094341,-0.055076,9.721312
1755068927258,0.102031,-0.061435,9.740082
1755068927260,0.086622,-0.064567,9.747418
1755068927262,0.080416,-0.062019,9.741481
1755068927266,0.084458,-0.051868,9.728608
1755068927267,0.08441,-0.044867,9.714187
1755068927269,0.081384,-0.053362,9.716696
1755068927271,0.084362,-0.058744,9.726636
1755068927272,0.089562,-0.061588,9.716993
1755068927274,0.09866,-0.063829,9.709033
1755068927276,0.08576,-0.060813,9.716553
1755068927278,0.089074,-0.060305,9.71702
1755068927281,0.080321,-0.069279,9.713611
1755068927283,0.082131,-0.062278,9.718152
1755068927286,0.082638,-0.047223,9.72612
1755068927287,0.077448,-0.038575,9.733043
1755068927288,0.067363,-0.03418,9.739891
1755068927290,0.079286,-0.039897,9.7383
1755068927293,0.088528,-0.041717,9.741556
1755068927295,0.072334,-0.043469,9.741269
1755068927296,0.07422,-0.060382,9.731511
1755068927300,0.082313,-0.056503,9.730036
1755068927302,0.089984,-0.045222,9.727986
1755068927303,0.083644,-0.051006,9.72925
1755068927304,0.077476,-0.064806,9.735446
1755068927306,0.081307,-0.064787,9.738971
1755068927308,0.098584,-0.064873,9.737582
1755068927310,0.092857,-0.054808,9.737287
1755068927313,0.081192,-0.057039,9.729795
1755068927315,0.080675,-0.052663,9.73288
1755068927317,0.088164,-0.053352,9.737965
1755068927318,0.090003,-0.054827,9.736271
1755068927321,0.087551,-0.045882,9.737908
1755068927323,0.098028,-0.05025,9.736538
1755068927324,0.101907,-0.0525,9.735437
1755068927326,0.102347,-0.049866,9.734508
1755068927329,0.090616,-0.057557,9.728925
1755068927330,0.081748,-0.062163,9.72859
1755068927333,0.086306,-0.063331,9.731625
1755068927335,0.091573,-0.062489,9.722854
1755068927337,0.094906,-0.063676,9.722528
1755068927339,0.085626,-0.069336,9.728303
1755068927341,0.089093,-0.063571,9.735983
1755068927343,0.090175,-0.053745,9.731999
1755068927345,0.093642,-0.048957,9.727047
1755068927347,0.086383,-0.047367,9.72726
1755068927349,0.083021,-0.048047,9.730802
1755068927351,0.087465,-0.048803,9.732477
1755068927353,0.091114,-0.056005,9.742305
1755068927354,0.091372,-0.058725,9.747159
1755068927357,0.080378,-0.065438,9.741949
1755068927358,0.075705,-0.061014,9.728646
1755068927360,0.076059,-0.054808,9.730887
1755068927363,0.078922,-0.057365,9.738397
1755068927364,0.077055,-0.061828,9.745339
1755068927367,0.080972,-0.060094,9.741165
1755068927368,0.080962,-0.066482,9.731529
1755068927371,0.080474,-0.079468,9.729106
1755068927372,0.080158,-0.064959,9.722997
1755068927374,0.081738,-0.068311,9.724893
1755068927376,0.080282,-0.066032,9.735351
1755068927379,0.084937,-0.054578,9.73581
1755068927380,0.074814,-0.048459,9.726032
1755068927382,0.068512,-0.04413,9.723168
1755068927385,0.07898,-0.042262,9.7277
1755068927387,0.086364,-0.046333,9.730887
1755068927389,0.085597,-0.047453,9.7338
1755068927391,0.084075,-0.055431,9.734528
1755068927392,0.086632,-0.06562,9.731539
1755068927394,0.08803,-0.068455,9.729345
1755068927396,0.097339,-0.066683,9.731415
1755068927399,0.098871,-0.062853,9.731692
1755068927402,0.091813,-0.054348,9.729384
1755068927404,0.092196,-0.063092,9.728206
1755068927406,0.080282,-0.057269,9.723677
1755068927407,0.083366,-0.050546,9.730447
1755068927409,0.088327,-0.052261,9.731299
1755068927411,0.092311,-0.059347,9.735044
1755068927412,0.092359,-0.061675,9.731462
1755068927415,0.094322,-0.076787,9.733014
1755068927417,0.082811,-0.066406,9.731778
1755068927419,0.082092,-0.055996,9.732975
1755068927421,0.087139,-0.062096,9.734604
1755068927422,0.094849,-0.064155,9.735944
1755068927425,0.098373,-0.061665,9.739738
1755068927426,0.102625,-0.071567,9.731664
1755068927428,0.093786,-0.073799,9.737831
1755068927430,0.088825,-0.057988,9.733638
1755068927432,0.081001,-0.05364,9.729423
1755068927434,0.07852,-0.057126,9.724386
1755068927437,0.078482,-0.065841,9.723677
1755068927439,0.07603,-0.062374,9.735983
1755068927441,0.087628,-0.053601,9.742361
1755068927443,0.096438,-0.052701,9.739336
1755068927444,0.092004,-0.048564,9.734546
1755068927446,0.090482,-0.054741,9.728714
1755068927448,0.090032,-0.055316,9.730074
1755068927450,0.09822,-0.057978,9.734709
1755068927453,0.097243,-0.059759,9.730246
1755068927455,0.097147,-0.052328,9.718419
1755068927456,0.086919,-0.050087,9.714426
1755068927458,0.083797,-0.042981,9.718361
1755068927460,0.08373,-0.051293,9.722767
1755068927463,0.079765,-0.049282,9.730965
1755068927464,0.081824,-0.051427,9.723351
1755068927466,0.090194,-0.055335,9.724195
1755068927468,0.089534,-0.050661,9.725065
1755068927471,0.089859,-0.042473,9.725697
1755068927473,0.086258,-0.049062,9.722537
1755068927474,0.085665,-0.051265,9.721272
1755068927477,0.084477,-0.047712,9.729863
1755068927479,0.074613,-0.050326,9.729384
1755068927480,0.077591,-0.048641,9.724318
1755068927483,0.08621,-0.051236,9.719712
1755068927485,0.082418,-0.051083,9.732142
1755068927487,0.092502,-0.042847,9.736528
1755068927489,0.091382,-0.049972,9.72884
1755068927491,0.084659,-0.051542,9.726291
1755068927493,0.074555,-0.047108,9.730974
1755068927495,0.063782,-0.049407,9.737142
1755068927496,0.070246,-0.052739,9.735801
1755068927499,0.074613,-0.05907,9.729539
1755068927500,0.076413,-0.056695,9.719023
1755068927502,0.075714,-0.054617,9.71275
1755068927505,0.077304,-0.063753,9.719808
1755068927507,0.073732,-0.073818,9.712653
1755068927509,0.066137,-0.074,9.717059
1755068927510,0.063676,-0.071884,9.719769
1755068927513,0.070983,-0.070581,9.724442
1755068927514,0.083012,-0.063935,9.725639
1755068927516,0.081259,-0.059501,9.73403
1755068927519,0.099972,-0.050412,9.740196
1755068927523,0.102223,-0.046821,9.734632
1755068927524,0.09799,-0.056781,9.723801
1755068927525,0.090951,-0.064634,9.733358
1755068927527,0.092952,-0.064758,9.728886
1755068927529,0.085818,-0.059702,9.732238
1755068927531,0.082102,-0.054138,9.724653
1755068927532,0.087226,-0.045739,9.745607
1755068927534,0.10477,-0.048037,9.730515
1755068927536,0.105929,-0.06721,9.735695
1755068927539,0.093585,-0.06834,9.700845
1755068927541,0.081412,-0.049895,9.743348
1755068927542,0.08261,-0.047386,9.695674
1755068927544,0.071472,-0.055258,9.75849
1755068927546,0.08033,-0.045346,9.714607
1755068927548,0.082236,-0.042052,9.765278
1755068927550,0.086699,-0.031383,9.709781
1755068927552,0.083749,-0.019767,9.759303
1755068927554,0.088873,-0.027792,9.696489
1755068927556,0.084889,-0.037283,9.747054
1755068927558,0.084956,-0.052136,9.701515
1755068927561,0.086172,-0.049005,9.721799
1755068927562,0.090558,-0.046773,9.710356
1755068927564,0.097118,-0.046687,9.741969
1755068927566,0.095251,-0.044149,9.741375
1755068927568,0.081432,-0.052625,9.72859
1755068927570,0.089897,-0.060573,9.745665
1755068927574,0.086804,-0.055957,9.721388
1755068927575,0.074134,-0.062853,9.761926
1755068927577,0.08057,-0.068781,9.708497
1755068927579,0.075762,-0.063226,9.759465
1755068927580,0.088825,-0.07401,9.680591
1755068927583,0.095203,-0.065477,9.72657
1755068927585,0.092167,-0.060746,9.682391
1755068927586,0.090635,-0.060765,9.737391
1755068927588,0.08532,-0.06721,9.722978
1755068927591,0.088183,-0.065295,9.742122
1755068927593,0.084669,-0.043862,9.751507
1755068927595,0.093364,-0.061962,9.742111
1755068927597,0.092186,-0.058112,9.75075
1755068927599,0.093192,-0.074584,9.735312
1755068927600,0.091095,-0.068426,9.742476
1755068927602,0.088748,-0.076586,9.747129
1755068927604,0.085846,-0.065659,9.746174
1755068927607,0.077084,-0.067794,9.74012
1755068927609,0.079995,-0.057882,9.728465
1755068927611,0.069863,-0.057604,9.736577
1755068927613,0.081451,-0.049244,9.730122
1755068927614,0.085722,-0.058505,9.720219
1755068927617,0.100183,-0.053419,9.73876
1755068927619,0.085013,-0.042626,9.719463
1755068927620,0.084582,-0.055641,9.734593
1755068927622,0.077333,-0.063963,9.715823
1755068927625,0.073196,-0.06449,9.753806
1755068927626,0.068053,-0.055565,9.714503
1755068927629,0.085846,-0.050594,9.731692
1755068927631,0.072506,-0.04525,9.703768
1755068927632,0.080512,-0.047156,9.739738
1755068927634,0.077591,-0.059415,9.702664
1755068927636,0.091861,-0.059568,9.73605
1755068927638,0.089122,-0.063887,9.704092
1755068927642,0.095768,-0.071089,9.734337
1755068927643,0.086143,-0.06744,9.706573
1755068927645,0.079191,-0.065113,9.739698
1755068927647,0.074699,-0.058122,9.725764
1755068927649,0.077122,-0.053161,9.751039
1755068927650,0.078444,-0.052759,9.726606
1755068927653,0.088787,-0.057652,9.754591
1755068927655,0.090156,-0.055699,9.73084
1755068927656,0.072496,-0.053381,9.770421
1755068927659,0.079717,-0.056149,9.72767
1755068927661,0.082341,-0.059951,9.751277
1755068927663,0.097262,-0.042646,9.701114
1755068927664,0.104761,-0.038518,9.707578
1755068927667,0.107174,-0.05566,9.698089
1755068927669,0.108046,-0.050355,9.721569
1755068927670,0.101131,-0.046409,9.726665
1755068927673,0.090654,-0.05002,9.727057
1755068927675,0.085502,-0.061263,9.70144
1755068927679,0.08193,-0.061866,9.720422
1755068927680,0.088691,-0.068522,9.71002
1755068927680,0.095605,-0.07445,9.743895
1755068927682,0.096573,-0.067421,9.799534
1755068927684,0.093163,-0.056455,9.741987
1755068927687,0.084841,-0.047482,9.767289
1755068927689,0.087455,-0.049139,9.670621
1755068927691,0.081317,-0.05159,9.689095
1755068927694,0.088787,-0.063427,9.672824
1755068927695,0.092646,-0.062307,9.737429
1755068927697,0.08418,-0.065802,9.695779
1755068927698,0.086182,-0.0586,9.763487
1755068927700,0.085779,-0.054176,9.742341
1755068927702,0.085885,-0.053132,9.749305
1755068927705,0.090281,-0.054071,9.753786
1755068927707,0.095826,-0.06788,9.674212
1755068927709,0.083136,-0.049349,9.728857
1755068927713,0.075322,-0.049943,9.713689
1755068927714,0.076902,-0.054952,9.764167
1755068927714,0.076835,-0.061387,9.735858
1755068927716,0.087963,-0.047281,9.792314
1755068927718,0.109204,-0.055469,9.700023
1755068927721,0.102242,-0.068647,9.749275
1755068927722,0.104339,-0.065228,9.710527
1755068927725,0.080752,-0.056838,9.771666
1755068927728,0.075369,-0.056082,9.793702
1755068927729,0.073464,-0.060047,9.730984
1755068927731,0.078922,-0.057183,9.711638
1755068927732,0.078147,-0.050125,9.699573
1755068927734,0.088997,-0.053295,9.766351
1755068927736,0.10207,-0.045547,9.736912
1755068927739,0.10886,-0.045174,9.737333
1755068927741,0.099493,-0.043699,9.682784
1755068927743,0.098536,-0.057087,9.744334
1755068927745,0.098488,-0.055105,9.766772
1755068927747,0.094044,-0.053008,9.738482
1755068927748,0.090587,-0.067698,9.727066
1755068927750,0.100298,-0.072276,9.71521
1755068927752,0.095921,-0.058821,9.785121
1755068927755,0.088078,-0.067335,9.727612
1755068927757,0.090961,-0.060267,9.748327
1755068927759,0.102223,-0.062766,9.699908
1755068927762,0.097176,-0.053688,9.754754
1755068927763,0.09278,-0.05432,9.743299
1755068927764,0.088969,-0.049924,9.746996
1755068927766,0.084381,-0.047127,9.762971
1755068927768,0.07695,-0.062968,9.728436
1755068927770,0.074211,-0.056609,9.764235
1755068927773,0.078808,-0.059012,9.732401
1755068927775,0.074622,-0.061167,9.731319
1755068927777,0.082849,-0.06178,9.776856
1755068927779,0.081518,-0.071759,9.74193
1755068927780,0.078769,-0.070265,9.746593
1755068927782,0.083558,-0.065304,9.683311
1755068927784,0.090376,-0.05137,9.746469
1755068927786,0.086277,-0.05069,9.724845
1755068927788,0.093862,-0.054636,9.725123
1755068927790,0.084381,-0.052462,9.751488
1755068927792,0.074814,-0.046955,9.742973
1755068927795,0.077189,-0.039313,9.750329
1755068927796,0.087235,-0.052222,9.691767
1755068927799,0.088911,-0.055354,9.741405
1755068927800,0.098622,-0.064404,9.725917
1755068927802,0.095883,-0.067047,9.745264
1755068927804,0.07876,-0.065764,9.752992
1755068927806,0.078961,-0.074211,9.747944
1755068927808,0.083787,-0.069413,9.762894
1755068927810,0.090644,-0.069633,9.712894
1755068927813,0.077467,-0.057786,9.753202
1755068927815,0.08419,-0.056867,9.728552
1755068927817,0.094293,-0.047673,9.7186
1755068927819,0.096582,-0.059271,9.727057
1755068927820,0.099915,-0.056877,9.721848
1755068927822,0.098612,-0.051083,9.740035
1755068927825,0.095069,-0.057863,9.700511
1755068927826,0.090692,-0.065477,9.748405
1755068927830,0.086593,-0.062364,9.753097
1755068927830,0.098076,-0.059826,9.723332
1755068927833,0.093929,-0.060794,9.729931
1755068927835,0.089783,-0.0491,9.721531
1755068927836,0.079957,-0.060621,9.742314
1755068927839,0.093767,-0.061205,9.714991
1755068927840,0.086996,-0.064548,9.71342
1755068927843,0.079574,-0.059778,9.737103
1755068927844,0.088777,-0.067459,9.706371
1755068927846,0.083979,-0.053994,9.733129
1755068927849,0.080886,-0.06541,9.72856
1755068927851,0.080886,-0.071079,9.742668
1755068927853,0.080828,-0.06631,9.729001
1755068927854,0.089572,-0.055814,9.724155
1755068927856,0.085224,-0.046668,9.753278
1755068927859,0.085559,-0.04638,9.709043
1755068927860,0.07784,-0.052241,9.737763
1755068927862,0.076653,-0.055306,9.70798
1755068927864,0.077591,-0.057643,9.737468
1755068927867,0.093201,-0.056877,9.722232
1755068927869,0.089562,-0.062163,9.729413
1755068927870,0.090453,-0.049752,9.751478
1755068927872,0.099599,-0.048238,9.723772
1755068927874,0.09188,-0.053113,9.759963
1755068927876,0.089218,-0.051753,9.735428
1755068927879,0.078626,-0.046878,9.757071
1755068927881,0.087302,-0.039629,9.738338
1755068927883,0.078875,-0.040682,9.732238
1755068927884,0.077697,-0.044044,9.747954
1755068927886,0.076231,-0.052577,9.716514
1755068927889,0.075934,-0.063513,9.748088
1755068927890,0.081422,-0.06314,9.717787
1755068927892,0.079171,-0.064184,9.723954
1755068927894,0.078673,-0.058945,9.744678
1755068927896,0.084209,-0.059731,9.715306
1755068927899,0.081623,-0.062393,9.737496
1755068927900,0.082006,-0.053496,9.714139
1755068927902,0.078836,-0.050575,9.729319
1755068927904,0.083175,-0.04255,9.732755
1755068927906,0.086038,-0.047692,9.716743
1755068927908,0.073081,-0.041544,9.730419
1755068927910,0.072027,-0.039744,9.722824
1755068927912,0.077122,-0.031105,9.729652
1755068927915,0.08985,-0.03282,9.722326
1755068927918,0.098277,-0.046725,9.710892
1755068927919,0.103908,-0.05273,9.719875
1755068927920,0.10886,-0.052615,9.717347
1755068927922,0.086421,-0.048669,9.725907
1755068927924,0.083471,-0.060094,9.742025
1755068927926,0.078855,-0.070131,9.750424
1755068927928,0.076212,-0.064203,9.754332
1755068927930,0.082916,-0.059261,9.747504
1755068927933,0.098593,-0.059319,9.740016
1755068927935,0.098047,-0.06247,9.724078
1755068927937,0.099666,-0.062795,9.729345
1755068927939,0.095184,-0.059884,9.719559
1755068927940,0.084793,-0.054339,9.720919
1755068927942,0.076634,-0.059357,9.731674
1755068927944,0.086067,-0.061655,9.73538
1755068927946,0.095605,-0.067162,9.738664
1755068927949,0.103535,-0.058026,9.731606
1755068927951,0.098009,-0.057719,9.729395
1755068927953,0.098019,-0.059558,9.727746
1755068927955,0.098057,-0.058351,9.73221
1755068927957,0.085665,-0.051188,9.735581
1755068927959,0.081748,-0.053716,9.731674
1755068927961,0.083337,-0.051456,9.733178
1755068927962,0.080838,-0.05364,9.719491
1755068927964,0.085971,-0.059367,9.705614
1755068927967,0.091621,-0.049167,9.709255
1755068927969,0.101428,-0.04096,9.726032
1755068927971,0.103027,-0.049771,9.734354
1755068927973,0.089572,-0.053439,9.725937
1755068927974,0.084927,-0.052251,9.723055
1755068927976,0.09164,-0.049062,9.728475
1755068927979,0.096716,-0.057643,9.74735
1755068927980,0.09572,-0.059242,9.7426
1755068927983,0.102366,-0.058926,9.732325
1755068927985,0.110708,-0.064969,9.731989
1755068927987,0.101361,-0.055584,9.729356
1755068927989,0.099426,-0.052012,9.727191
1755068927990,0.095634,-0.053218,9.731071
1755068927992,0.089179,-0.049991,9.738291
1755068927994,0.086871,-0.052711,9.728809
1755068927997,0.091526,-0.056915,9.743205
1755068927999,0.084563,-0.061272,9.742274
1755068928001,0.085578,-0.067507,9.698049
1755068928004,0.086028,-0.057595,9.763363
1755068928005,0.088624,-0.055794,9.724922
1755068928007,0.080579,-0.042157,9.775824
1755068928009,0.092186,-0.054827,9.749985
1755068928012,0.093489,-0.064634,9.756391
1755068928014,0.087657,-0.063973,9.72972
1755068928015,0.092512,-0.062067,9.74984
1755068928016,0.092541,-0.054837,9.756382
1755068928019,0.087312,-0.053295,9.740666
1755068928020,0.082179,-0.058016,9.779663
1755068928023,0.084534,-0.057547,9.73175
1755068928024,0.078482,-0.048143,9.736183
1755068928026,0.082935,-0.059089,9.711515
1755068928028,0.074766,-0.055996,9.700061
1755068928030,0.081183,-0.063513,9.651879
1755068928032,0.083673,-0.060803,9.752675
1755068928034,0.077256,-0.067775,9.732841
1755068928036,0.076873,-0.049589,9.770249
1755068928039,0.073923,-0.044207,9.761562
1755068928040,0.059731,-0.0482,9.736357
1755068928042,0.076174,-0.063667,9.721436
1755068928044,0.078808,-0.054186,9.757111
1755068928046,0.081116,-0.052021,9.74286
1755068928048,0.087082,-0.048698,9.71636
1755068928051,0.09594,-0.04753,9.778091
1755068928053,0.098373,-0.049483,9.649601
1755068928054,0.09166,-0.041592,9.70526
1755068928057,0.094983,-0.07037,9.671541
1755068928059,0.082389,-0.070102,9.713017
1755068928060,0.081796,-0.074977,9.681356
1755068928062,0.073176,-0.067574,9.812684
1755068928064,0.080129,-0.053841,9.738779
1755068928066,0.081642,-0.040481,9.782679
1755068928069,0.089495,-0.049167,9.778053
1755068928070,0.081527,-0.051523,9.809189
1755068928073,0.085952,-0.067708,9.709646
1755068928075,0.088087,-0.072027,9.677316
1755068928077,0.094705,-0.0758,9.651976
1755068928079,0.089773,-0.067775,9.713745
1755068928080,0.092081,-0.061531,9.674597
1755068928082,0.093067,-0.048899,9.688156
1755068928084,0.092311,-0.033069,9.79536
1755068928087,0.083251,-0.049598,9.790321
1755068928089,0.074354,-0.052088,9.806822
1755068928091,0.07197,-0.050652,9.693511
1755068928092,0.083644,-0.049684,9.678522
1755068928094,0.092627,-0.057863,9.625035
1755068928096,0.103056,-0.067603,9.708698
1755068928098,0.099513,-0.063284,9.720162
1755068928100,0.075561,-0.052567,9.768601
1755068928103,0.077036,-0.048641,9.778667
1755068928104,0.079698,-0.042387,9.754045
1755068928106,0.074038,-0.03326,9.749888
1755068928109,0.074757,-0.051121,9.674989
1755068928110,0.080895,-0.062929,9.702818
1755068928112,0.079306,-0.066176,9.708047
1755068928114,0.062786,-0.050211,9.79898
1755068928116,0.071864,-0.0421,9.784585
1755068928118,0.071548,-0.05136,9.758804
1755068928121,0.077141,-0.059319,9.655049
1755068928123,0.080512,-0.063169,9.705893
1755068928124,0.087159,-0.062738,9.717576
1755068928126,0.07829,-0.062086,9.78791
1755068928129,0.080369,-0.056302,9.797705
1755068928130,0.075293,-0.059807,9.70345
1755068928133,0.080072,-0.04887,9.675697
1755068928135,0.092818,-0.045356,9.651774
1755068928137,0.089399,-0.042023,9.776167
1755068928139,0.088633,-0.040855,9.76163
1755068928140,0.090214,-0.051676,9.730381
1755068928142,0.10229,-0.063944,9.643184
1755068928144,0.100221,-0.058677,9.672862
1755068928146,0.094351,-0.04549,9.790676
1755068928148,0.093144,-0.040424,9.776454
1755068928150,0.09347,-0.047769,9.72362
1755068928152,0.101773,-0.059185,9.642274
1755068928155,0.090185,-0.053209,9.742955
1755068928157,0.083826,-0.038652,9.801421
1755068928159,0.077802,-0.040922,9.725793
1755068928160,0.070485,-0.048535,9.667921
1755068928162,0.068455,-0.050901,9.726482
1755068928164,0.076557,-0.050652,9.767203
1755068928166,0.092407,-0.059922,9.691738
1755068928168,0.097894,-0.062833,9.727679
1755068928171,0.097952,-0.05951,9.763948
1755068928173,0.098114,-0.064193,9.770652
1755068928175,0.097042,-0.067689,9.701353
1755068928177,0.096515,-0.061588,9.718429
1755068928179,0.092493,-0.06224,9.762683
1755068928180,0.095098,-0.061368,9.689622
1755068928182,0.10681,-0.050939,9.720037
1755068928184,0.103334,-0.062211,9.753718
1755068928186,0.100145,-0.066731,9.752398
1755068928189,0.089495,-0.065352,9.686193
1755068928191,0.074192,-0.05906,9.74916
1755068928193,0.076653,-0.054492,9.76887
1755068928195,0.0946,-0.055613,9.677353
1755068928196,0.08531,-0.054377,9.73604
1755068928199,0.066492,-0.064241,9.739507
1755068928200,0.064203,-0.067162,9.722431
1755068928202,0.080187,-0.05749,9.731109
1755068928204,0.084659,-0.049637,9.771732
1755068928206,0.094954,-0.054205,9.742782
1755068928209,0.102864,-0.055718,9.696727
1755068928210,0.100097,-0.055028,9.730236
1755068928212,0.086277,-0.063178,9.743396
1755068928215,0.083136,-0.059711,9.674931
1755068928216,0.067114,-0.05521,9.734958
1755068928219,0.062153,-0.059118,9.730103
1755068928220,0.079545,-0.056886,9.726454
1755068928223,0.097061,-0.064912,9.769339
1755068928225,0.096094,-0.053113,9.754428
1755068928226,0.087934,-0.057308,9.706057
1755068928229,0.090539,-0.056541,9.717509
1755068928230,0.095356,-0.047396,9.733014
1755068928232,0.089438,-0.055526,9.690782
1755068928234,0.093862,-0.063188,9.711495
1755068928236,0.088959,-0.060257,9.755777
1755068928239,0.087091,-0.066195,9.724386
1755068928241,0.093,-0.051351,9.751344
1755068928243,0.093106,-0.051811,9.715383
1755068928244,0.102376,-0.052558,9.754016
1755068928247,0.115219,-0.059845,9.710575
1755068928250,0.106322,-0.059807,9.71362
1755068928251,0.097683,-0.050537,9.742361
1755068928253,0.099206,-0.05657,9.733377
1755068928255,0.093594,-0.046275,9.711295
1755068928258,0.089687,-0.052471,9.703613
1755068928259,0.090712,-0.053352,9.745502
1755068928260,0.092091,-0.052012,9.72725
1755068928262,0.085894,-0.052146,9.749562
1755068928265,0.072056,-0.050958,9.769216
1755068928266,0.06992,-0.052778,9.719989
1755068928269,0.083711,-0.05296,9.747149
1755068928271,0.094571,-0.05522,9.716619
1755068928272,0.090405,-0.054214,9.741049
1755068928275,0.080349,-0.052711,9.741307
1755068928277,0.074881,-0.057432,9.695205
1755068928279,0.087522,-0.050949,9.73876
1755068928280,0.094054,-0.043479,9.711169
1755068928283,0.084017,-0.040548,9.725027
1755068928284,0.076183,-0.045442,9.702781
1755068928286,0.076145,-0.038863,9.734211
1755068928289,0.079583,-0.040845,9.743032
1755068928291,0.082198,-0.049254,9.69852
1755068928293,0.085454,-0.046103,9.740253
1755068928295,0.083682,-0.056455,9.711475
1755068928297,0.078951,-0.048583,9.740705
1755068928299,0.096496,-0.061138,9.738223
1755068928300,0.098009,-0.076346,9.714991
1755068928302,0.093316,-0.069183,9.745685
1755068928304,0.084199,-0.073224,9.707942
1755068928306,0.083797,-0.067239,9.751057
1755068928309,0.084094,-0.066348,9.734211
1755068928311,0.07671,-0.05975,9.735398
1755068928313,0.083309,-0.055201,9.745167
1755068928315,0.082207,-0.059836,9.736203
1755068928317,0.075274,-0.055976,9.74579
1755068928319,0.091257,-0.045107,9.714358
1755068928320,0.084046,-0.046562,9.740282
1755068928323,0.077783,-0.050441,9.743165
1755068928325,0.08576,-0.058591,9.716273
1755068928327,0.083462,-0.054751,9.739402
1755068928329,0.078846,-0.060276,9.715929
1755068928331,0.073579,-0.043689,9.730811
1755068928332,0.074622,-0.042674,9.712031
1755068928334,0.07355,-0.04503,9.705309
1755068928336,0.076749,-0.043958,9.730112
1755068928339,0.079698,-0.045356,9.723763
1755068928340,0.08034,-0.05545,9.720353
1755068928343,0.082667,-0.044781,9.729863
1755068928345,0.089189,-0.048545,9.720458
1755068928347,0.074833,-0.058371,9.736883
1755068928349,0.074996,-0.064624,9.727785
1755068928351,0.079784,-0.05295,9.738855
1755068928352,0.090166,-0.044743,9.742659
1755068928354,0.089447,-0.051772,9.732259
1755068928356,0.07038,-0.042301,9.739613
1755068928359,0.068082,-0.034505,9.733139
1755068928361,0.081738,-0.043364,9.737869
1755068928363,0.086344,-0.049665,9.73562
1755068928365,0.104493,-0.061972,9.729844
1755068928367,0.10409,-0.067459,9.72632
1755068928369,0.090788,-0.070208,9.725477
1755068928371,0.086517,-0.069892,9.726741
1755068928373,0.089658,-0.052845,9.724845
1755068928375,0.097549,-0.058533,9.722317
1755068928378,0.0955,-0.065084,9.722528
1755068928379,0.09007,-0.061608,9.728522
1755068928381,0.087733,-0.06179,9.725956
1755068928383,0.087465,-0.043479,9.738443
1755068928384,0.074393,-0.035338,9.733358
1755068928387,0.078568,-0.043546,9.727909
1755068928388,0.085751,-0.047779,9.731712
1755068928390,0.090223,-0.04842,9.737113
1755068928393,0.094542,-0.04638,9.745034
1755068928395,0.088126,-0.050489,9.72928
1755068928397,0.08985,-0.052682,9.732048
1755068928399,0.08781,-0.054578,9.744354
1755068928400,0.07966,-0.055909,9.731003
1755068928402,0.074105,-0.058055,9.742236
1755068928404,0.075245,-0.056407,9.721933
1755068928406,0.085061,-0.058926,9.731443
1755068928408,0.091765,-0.063456,9.713601
1755068928411,0.097674,-0.050163,9.769349
1755068928413,0.10546,-0.052902,9.708977
1755068928415,0.102309,-0.054779,9.740091
1755068928416,0.099311,-0.046946,9.747283
1755068928418,0.096515,-0.043536,9.757827
1755068928420,0.090587,-0.041707,9.70639
1755068928422,0.084209,-0.048095,9.734498
1755068928424,0.083117,-0.060229,9.769837
1755068928426,0.081508,-0.063236,9.737986
1755068928429,0.090003,-0.058227,9.758853
1755068928431,0.102012,-0.06699,9.677698
1755068928433,0.104023,-0.072956,9.734756
1755068928435,0.095749,-0.070782,9.747093
1755068928437,0.091372,-0.050633,9.757205
1755068928439,0.093862,-0.055316,9.704312
1755068928441,0.096879,-0.056206,9.720794
1755068928443,0.109243,-0.067143,9.742629
1755068928446,0.10931,-0.059424,9.762434
1755068928447,0.09121,-0.059702,9.789296
1755068928449,0.095203,-0.056905,9.701728
1755068928450,0.094006,-0.055948,9.738895
1755068928453,0.095567,-0.053544,9.702856
1755068928454,0.082552,-0.050451,9.752111
1755068928457,0.080646,-0.050824,9.754332
1755068928459,0.080263,-0.064557,9.726377
1755068928460,0.080857,-0.062786,9.683455
1755068928463,0.084851,-0.068407,9.651037
1755068928464,0.082542,-0.055105,9.738808
1755068928467,0.079104,-0.057882,9.750539
1755068928469,0.068761,-0.059309,9.742496
1755068928470,0.065955,-0.055555,9.714627
1755068928472,0.073243,-0.061579,9.713008
1755068928474,0.082092,-0.065237,9.728752
1755068928476,0.093795,-0.049924,9.747034
1755068928479,0.096994,-0.044082,9.775601
1755068928481,0.096381,-0.044264,9.725544
1755068928482,0.092052,-0.043891,9.744575
1755068928485,0.095146,-0.061081,9.675917
1755068928487,0.088614,-0.047204,9.772625
1755068928489,0.090348,-0.043632,9.786855
1755068928490,0.076394,-0.054569,9.751698
1755068928492,0.07942,-0.051964,9.71183
1755068928495,0.078539,-0.055871,9.725631
1755068928497,0.076796,-0.050652,9.770163
1755068928499,0.070658,-0.049809,9.758365
1755068928501,0.067057,-0.045748,9.752264
1755068928503,0.076298,-0.050115,9.675706
1755068928504,0.081269,-0.046112,9.755146
1755068928507,0.080962,-0.057327,9.740052
1755068928508,0.073971,-0.056197,9.763583
1755068928510,0.074364,-0.048066,9.720344
1755068928513,0.079593,-0.051207,9.722422
1755068928515,0.079746,-0.056609,9.739622
1755068928517,0.079507,-0.052165,9.732602
1755068928519,0.074939,-0.051265,9.727211
1755068928520,0.075992,-0.044523,9.655989
1755068928522,0.07423,-0.039974,9.712691
1755068928524,0.086249,-0.043345,9.774251
1755068928526,0.103353,-0.048545,9.762041
1755068928528,0.100537,-0.047807,9.747437
1755068928531,0.095778,-0.056254,9.680975
1755068928532,0.071041,-0.061387,9.742581
1755068928534,0.075657,-0.063667,9.739277
1755068928536,0.08419,-0.055182,9.74126
1755068928539,0.092387,-0.055239,9.740437
1755068928540,0.104244,-0.054684,9.760845
1755068928542,0.107682,-0.062422,9.744124
1755068928544,0.097703,-0.065046,9.673149
1755068928548,0.088155,-0.052069,9.747129
1755068928549,0.082734,-0.062489,9.750951
1755068928551,0.086862,-0.070514,9.752138
1755068928553,0.088365,-0.078511,9.724271
1755068928555,0.093632,-0.068417,9.742428
1755068928557,0.100987,-0.062249,9.746929
1755068928559,0.101849,-0.058457,9.710987
1755068928560,0.101275,-0.057059,9.773495
1755068928562,0.104588,-0.067689,9.764188
1755068928565,0.099829,-0.073196,9.742322
1755068928567,0.084678,-0.07536,9.726291
1755068928569,0.078951,-0.057202,9.734768
1755068928570,0.078377,-0.054186,9.725926
1755068928573,0.093814,-0.073435,9.676453
1755068928574,0.094973,-0.079095,9.746863
1755068928576,0.093565,-0.07399,9.732862
1755068928579,0.093968,-0.068666,9.734593
1755068928581,0.087063,-0.053937,9.733674
1755068928582,0.069097,-0.05136,9.741039
1755068928584,0.058955,-0.055469,9.745358
1755068928586,0.064643,-0.065304,9.71432
1755068928589,0.073971,-0.065754,9.738961
1755068928590,0.078147,-0.066693,9.753164
1755068928593,0.077582,-0.060075,9.697696
1755068928595,0.095462,-0.056963,9.761285
1755068928597,0.107366,-0.060334,9.74419
1755068928599,0.103889,-0.067153,9.748538
1755068928601,0.092273,-0.062039,9.738492
1755068928603,0.078884,-0.058668,9.754064
1755068928604,0.079238,-0.046572,9.744986
1755068928606,0.086584,-0.046965,9.712174
1755068928609,0.077658,-0.062795,9.751652
1755068928610,0.086277,-0.070179,9.709684
1755068928612,0.083328,-0.060286,9.746729
1755068928615,0.086134,-0.056771,9.756314
1755068928617,0.079315,-0.062326,9.719482
1755068928619,0.07082,-0.059079,9.751784
1755068928621,0.085109,-0.053496,9.711073
1755068928623,0.085846,-0.054243,9.734844
1755068928624,0.089888,-0.062747,9.729873
1755068928626,0.093345,-0.054368,9.74328
1755068928629,0.096027,-0.053582,9.725651
1755068928630,0.0912,-0.06132,9.724338
1755068928635,0.082025,-0.058782,9.752292
1755068928637,0.100078,-0.058055,9.70391
1755068928638,0.098201,-0.04934,9.736616
1755068928639,0.097099,-0.049838,9.728685
1755068928640,0.109549,-0.057212,9.689919
1755068928642,0.092407,-0.057901,9.746287
1755068928644,0.095184,-0.063341,9.716495
1755068928646,0.092138,-0.054923,9.738808
1755068928649,0.095998,-0.051111,9.750885
1755068928650,0.087331,-0.063216,9.719654
1755068928653,0.088624,-0.05975,9.729805
1755068928655,0.081872,-0.04322,9.732439
1755068928657,0.073215,-0.040874,9.728629
1755068928659,0.080388,-0.04186,9.739315
1755068928660,0.073808,-0.041985,9.727077
1755068928662,0.077199,-0.049761,9.762395
1755068928664,0.095452,-0.059529,9.727421
1755068928667,0.094561,-0.062431,9.745157
1755068928669,0.086392,-0.060353,9.720678
1755068928671,0.089648,-0.056321,9.741405
1755068928673,0.089811,-0.056743,9.740206
1755068928675,0.090884,-0.058351,9.693547
1755068928676,0.090156,-0.05636,9.725582
1755068928679,0.089083,-0.060688,9.719616
1755068928680,0.092435,-0.054636,9.733101
1755068928683,0.093834,-0.051801,9.759274
1755068928685,0.085559,-0.056541,9.705633
1755068928687,0.080618,-0.047951,9.723016
1755068928689,0.085406,-0.060698,9.729575
1755068928690,0.095806,-0.072563,9.737592
1755068928692,0.091516,-0.063226,9.738012
1755068928694,0.08893,-0.062115,9.720422
1755068928696,0.08576,-0.062249,9.728724
1755068928698,0.089399,-0.056331,9.772987
1755068928702,0.093699,-0.054933,9.728829
1755068928703,0.093948,-0.054138,9.750742
1755068928704,0.09979,-0.050106,9.737036
1755068928706,0.102338,-0.045337,9.742179
1755068928708,0.096515,-0.04186,9.729556
1755068928710,0.089419,-0.058735,9.732745
1755068928713,0.088873,-0.058706,9.737793
1755068928714,0.087628,-0.053793,9.726885
1755068928716,0.094906,-0.058438,9.713477
1755068928719,0.087398,-0.068876,9.720756
1755068928721,0.084898,-0.067191,9.71454
1755068928722,0.083567,-0.066262,9.705931
1755068928725,0.083998,-0.064701,9.708794
1755068928726,0.088605,-0.070006,9.715383
1755068928729,0.085435,-0.06087,9.72925
1755068928730,0.09911,-0.049378,9.742284
1755068928732,0.106532,-0.049991,9.732621
1755068928735,0.106216,-0.044839,9.733377
1755068928736,0.097578,-0.04142,9.733512
1755068928739,0.088777,-0.040213,9.726492
1755068928741,0.10139,-0.04571,9.732065
1755068928742,0.094916,-0.051696,9.733732
1755068928745,0.089562,-0.05907,9.74011
1755068928746,0.09686,-0.06133,9.741881
1755068928749,0.088643,-0.061493,9.740608
1755068928750,0.077802,-0.066482,9.733589
1755068928753,0.070993,-0.054856,9.735953
1755068928755,0.079114,-0.047204,9.720985
1755068928756,0.094552,-0.04662,9.729375
1755068928759,0.088059,-0.044772,9.739077
1755068928760,0.078434,-0.040874,9.737974
1755068928762,0.083969,-0.045662,9.725448
1755068928765,0.075561,-0.036411,9.732985
1755068928766,0.075772,-0.043144,9.752072
1755068928770,0.081374,-0.057068,9.748444
1755068928771,0.087388,-0.049838,9.736357
1755068928774,0.092569,-0.049675,9.739125
1755068928775,0.088298,-0.051437,9.73605
1755068928776,0.09142,-0.047625,9.742188
1755068928779,0.10048,-0.048085,9.743423
1755068928780,0.095577,-0.050278,9.7442
1755068928783,0.098852,-0.055526,9.740082
1755068928784,0.09979,-0.063178,9.737879
1755068928787,0.089486,-0.056934,9.742419
1755068928789,0.082638,-0.055833,9.736002
1755068928791,0.076911,-0.051887,9.743041
1755068928792,0.076854,-0.04956,9.739822
1755068928794,0.076097,-0.044743,9.728416
1755068928796,0.078559,-0.047922,9.716313
1755068928799,0.081968,-0.049206,9.702014
1755068928800,0.079057,-0.045068,9.73945
1755068928803,0.09255,-0.050192,9.748653
1755068928805,0.093077,-0.057049,9.743117
1755068928807,0.101246,-0.060698,9.751478
1755068928809,0.097482,-0.058505,9.741911
1755068928810,0.08848,-0.054798,9.748739
1755068928812,0.078702,-0.060947,9.738377
1755068928814,0.076796,-0.062489,9.742218
1755068928816,0.088796,-0.060899,9.74645
1755068928818,0.091277,-0.063465,9.743941
1755068928821,0.094686,-0.064117,9.741969
1755068928822,0.112231,-0.057413,9.74782
1755068928825,0.104311,-0.040021,9.726233
1755068928826,0.106973,-0.045748,9.746854
1755068928829,0.099359,-0.056925,9.715479
1755068928830,0.09754,-0.045566,9.73626
1755068928832,0.081183,-0.053994,9.726904
1755068928834,0.069259,-0.061406,9.736079
1755068928836,0.06902,-0.059338,9.743625
1755068928840,0.072975,-0.067497,9.722671
1755068928841,0.095385,-0.061359,9.735821
1755068928842,0.094849,-0.06064,9.697723
1755068928844,0.080512,-0.055316,9.729795
1755068928846,0.087657,-0.059529,9.731405
1755068928848,0.086268,-0.042799,9.72471
1755068928850,0.08057,-0.046486,9.769119
1755068928852,0.07331,-0.054138,9.717547
1755068928855,0.094964,-0.056398,9.759552
1755068928856,0.100777,-0.059156,9.69825
1755068928859,0.087388,-0.0611,9.738683
1755068928860,0.091104,-0.052366,9.713296
1755068928863,0.087906,-0.041889,9.741182
1755068928866,0.094628,-0.044973,9.728522
1755068928867,0.101217,-0.045394,9.728054
1755068928869,0.100844,-0.058112,9.746489
1755068928871,0.093106,-0.06517,9.718763
1755068928873,0.07829,-0.056139,9.774396
1755068928875,0.085243,-0.064232,9.703671
1755068928876,0.094571,-0.065898,9.746517
1755068928879,0.09732,-0.069432,9.6858
1755068928880,0.08374,-0.060976,9.731903
1755068928882,0.082313,-0.066329,9.714157
1755068928884,0.08464,-0.058553,9.747379
1755068928886,0.078396,-0.049866,9.76253
1755068928889,0.088758,-0.046017,9.720478
1755068928891,0.087733,-0.048564,9.765499
1755068928893,0.08418,-0.061234,9.689497
1755068928895,0.08327,-0.057949,9.746153
1755068928897,0.081891,-0.060305,9.708142
1755068928899,0.082801,-0.048583,9.759963
1755068928900,0.097013,-0.056245,9.748739
1755068928902,0.09957,-0.069078,9.695636
1755068928905,0.085818,-0.074833,9.750778
1755068928908,0.088748,-0.091123,9.733761
1755068928909,0.084563,-0.080053,9.754073
1755068928910,0.08487,-0.068647,9.75894
1755068928913,0.097999,-0.064136,9.70595
1755068928915,0.09098,-0.058543,9.752282
1755068928917,0.090079,-0.068915,9.710567
1755068928919,0.083404,-0.067296,9.743511
1755068928921,0.081882,-0.05634,9.74668
1755068928923,0.085971,-0.049014,9.712194
1755068928924,0.0903,-0.04708,9.738187
1755068928927,0.100949,-0.0473,9.691452
1755068928929,0.096687,-0.043048,9.762463
1755068928930,0.082667,-0.060161,9.736825
1755068928932,0.077017,-0.065007,9.735848
1755068928934,0.090606,-0.059778,9.742668
1755068928936,0.090108,-0.068398,9.70141
1755068928938,0.080282,-0.061225,9.748873
1755068928941,0.080053,-0.055057,9.710489
1755068928943,0.086249,-0.062019,9.726263
1755068928945,0.090731,-0.054348,9.739287
1755068928947,0.08555,-0.050795,9.728187
1755068928949,0.090932,-0.043306,9.760959
1755068928950,0.090309,-0.045519,9.734958
1755068928953,0.098095,-0.03373,9.745205
1755068928954,0.10184,-0.039485,9.756181
1755068928957,0.086153,-0.044293,9.731809
1755068928959,0.076883,-0.052519,9.748787
1755068928961,0.07784,-0.050451,9.747408
1755068928962,0.077677,-0.043431,9.726444
1755068928965,0.08124,-0.045586,9.730294
1755068928967,0.09686,-0.05272,9.735896
1755068928969,0.095624,-0.056944,9.729202
1755068928970,0.091717,-0.066003,9.730744
1755068928973,0.090712,-0.055325,9.734787
1755068928975,0.074871,-0.04707,9.72856
1755068928977,0.071405,-0.049579,9.723121
1755068928979,0.072669,-0.050776,9.726836
1755068928981,0.083768,-0.059539,9.723705
1755068928983,0.087024,-0.068311,9.722757
1755068928986,0.088471,-0.064797,9.734412
1755068928987,0.089313,-0.066961,9.740589
1755068928989,0.084918,-0.082418,9.721675
1755068928991,0.085272,-0.081709,9.717606
1755068928993,0.091037,-0.073895,9.711973
1755068928995,0.099685,-0.068292,9.718295
1755068928997,0.098995,-0.053419,9.726386
1755068928999,0.096199,-0.050403,9.728504
1755068929001,0.09618,-0.055488,9.72496
1755068929003,0.091487,-0.057126,9.726827
1755068929004,0.095011,-0.063628,9.734337
1755068929006,0.103046,-0.063437,9.740752
1755068929009,0.099149,-0.069068,9.729221
1755068929011,0.086469,-0.057595,9.739125
1755068929013,0.084439,-0.060458,9.743444
1755068929015,0.089074,-0.063149,9.738443
1755068929017,0.087091,-0.066444,9.746948
1755068929019,0.09958,-0.062546,9.741662
1755068929020,0.08872,-0.055766,9.711169
1755068929022,0.080416,-0.059261,9.7039
1755068929024,0.088624,-0.059769,9.708822
1755068929026,0.08621,-0.062029,9.721569
1755068929029,0.087484,-0.063044,9.718064
1755068929031,0.093585,-0.058016,9.727757
1755068929033,0.084391,-0.041439,9.736423
1755068929034,0.084305,-0.049531,9.753251
1755068929036,0.082169,-0.048018,9.724721
1755068929039,0.093776,-0.043833,9.706083
1755068929040,0.107701,-0.051925,9.733416
1755068929043,0.100307,-0.053678,9.745954
1755068929045,0.09006,-0.047338,9.742505
1755068929047,0.094542,-0.042588,9.742075
1755068929049,0.103889,-0.043211,9.730686
1755068929050,0.0964,-0.053362,9.722087
1755068929052,0.084333,-0.057288,9.74669
1755068929054,0.08983,-0.065189,9.764158
1755068929056,0.097626,-0.073818,9.738291
1755068929059,0.100729,-0.073425,9.721417
1755068929061,0.096381,-0.063111,9.701468
1755068929063,0.087245,-0.064375,9.730304
1755068929064,0.085052,-0.06969,9.741615
1755068929067,0.092799,-0.057882,9.724059
1755068929069,0.091334,-0.061847,9.730515
1755068929070,0.095356,-0.06201,9.713477
1755068929072,0.089821,-0.062929,9.727652
1755068929074,0.084075,-0.062527,9.746737
1755068929078,0.081106,-0.053783,9.748299
1755068929079,0.084889,-0.046285,9.72701
1755068929081,0.082313,-0.033356,9.722605
1755068929082,0.082121,-0.036267,9.735322
1755068929084,0.078942,-0.049522,9.75119
1755068929086,0.09098,-0.063772,9.746986
1755068929088,0.093412,-0.066463,9.725937
1755068929090,0.074124,-0.062642,9.717825
1755068929092,0.067411,-0.057729,9.723658
1755068929095,0.071558,-0.058438,9.726827
1755068929096,0.078338,-0.056273,9.719463
1755068929099,0.07784,-0.061799,9.715555
1755068929100,0.071625,-0.072085,9.722481
1755068929102,0.081374,-0.071108,9.732525
1755068929104,0.083941,-0.068321,9.744248
1755068929106,0.083893,-0.067909,9.751019
1755068929109,0.088164,-0.066032,9.74485
1755068929111,0.095021,-0.063762,9.742648
1755068929113,0.102501,-0.048334,9.734384
1755068929115,0.099206,-0.048775,9.727066
1755068929116,0.094188,-0.058945,9.731884
1755068929119,0.088231,-0.061292,9.733158
1755068929120,0.083395,-0.062671,9.730055
1755068929122,0.079248,-0.053333,9.724071
1755068929124,0.086028,-0.057719,9.731453
1755068929126,0.093843,-0.065802,9.730045
1755068929129,0.09731,-0.063552,9.728629
1755068929130,0.093307,-0.051494,9.730064
1755068929133,0.077467,-0.052404,9.723045
1755068929135,0.073263,-0.054961,9.729194
1755068929137,0.062786,-0.053601,9.724683
1755068929140,0.05658,-0.066281,9.7245
1755068929140,0.074996,-0.065266,9.719712
1755068929143,0.076854,-0.064739,9.722029
1755068929144,0.082552,-0.069844,9.724777
1755068929148,0.090089,-0.05636,9.72657
1755068929149,0.078817,-0.054119,9.731443
1755068929151,0.079248,-0.037934,9.724404
1755068929153,0.087312,-0.045538,9.719405
1755068929155,0.089581,-0.048411,9.720334
1755068929157,0.092167,-0.061627,9.724596
1755068929159,0.083481,-0.062039,9.725917
1755068929160,0.084477,-0.066195,9.725601
1755068929163,0.074201,-0.051925,9.729989
1755068929164,0.072439,-0.04593,9.743511
1755068929167,0.085157,-0.050786,9.738175
1755068929169,0.075044,-0.057959,9.741318
1755068929170,0.072784,-0.059434,9.734948
1755068929173,0.079344,-0.069537,9.729221
1755068929174,0.082341,-0.067651,9.719453
1755068929176,0.079746,-0.060123,9.716848
1755068929179,0.075839,-0.059462,9.726703
1755068929181,0.081642,-0.052931,9.728312
1755068929182,0.093144,-0.059012,9.72426
1755068929185,0.083318,-0.065208,9.718372
1755068929186,0.076404,-0.061292,9.71974
1755068929189,0.075858,-0.062651,9.719435
1755068929190,0.081336,-0.065218,9.725956
1755068929193,0.08553,-0.055526,9.73039
1755068929194,0.082092,-0.047731,9.727105
1755068929197,0.077199,-0.041199,9.727861
1755068929199,0.084362,-0.045605,9.738482
1755068929201,0.085722,-0.057767,9.74193
1755068929203,0.090443,-0.056896,9.736769
1755068929204,0.086996,-0.051753,9.730783
1755068929206,0.074038,-0.047415,9.728639
1755068929209,0.08463,-0.054253,9.729499
1755068929210,0.087293,-0.057145,9.729939
1755068929213,0.092675,-0.058955,9.73607
1755068929218,0.096505,-0.062316,9.741241
1755068929219,0.093891,-0.065793,9.744515
1755068929221,0.086699,-0.067086,9.743846
1755068929222,0.086823,-0.06586,9.740062
1755068929223,0.080053,-0.067153,9.733866
1755068929224,0.075705,-0.066645,9.727412
1755068929227,0.070543,-0.05747,9.723628
1755068929229,0.075389,-0.052213,9.722623
1755068929232,0.078386,-0.052941,9.71566
1755068929233,0.080426,-0.060995,9.71432
1755068929235,0.081432,-0.061339,9.716072
1755068929237,0.085588,-0.069125,9.725352
1755068929239,0.097415,-0.058735,9.733628
1755068929240,0.082016,-0.047309,9.736147
1755068929242,0.090702,-0.05228,9.741422
1755068929244,0.107595,-0.057135,9.743271
1755068929246,0.088585,-0.057988,9.738855
1755068929249,0.082092,-0.063638,9.732775
1755068929252,0.086048,-0.067497,9.732142
1755068929252,0.094351,-0.069499,9.737746
1755068929255,0.079717,-0.062862,9.733139
1755068929257,0.086009,-0.056379,9.725162
1755068929259,0.092608,-0.044408,9.725946
1755068929260,0.106226,-0.046591,9.726962
1755068929262,0.108802,-0.045911,9.733943
1755068929266,0.104588,-0.041094,9.731788
1755068929267,0.107375,-0.035846,9.728216
1755068929269,0.098564,-0.052672,9.725707
1755068929271,0.087886,-0.055632,9.727028
1755068929273,0.093173,-0.058725,9.732613
1755068929275,0.097387,-0.056704,9.723571
1755068929277,0.097827,-0.051131,9.738406
1755068929278,0.103449,-0.042665,9.738473
1755068929280,0.111828,-0.037225,9.736777
1755068929282,0.115219,-0.036229,9.734327
1755068929284,0.099292,-0.037828,9.731165
1755068929286,0.084755,-0.034716,9.734613
1755068929288,0.088624,-0.041314,9.740608
1755068929290,0.087704,-0.048679,9.735017
1755068929292,0.089074,-0.060114,9.727086
1755068929294,0.081278,-0.060209,9.730266
1755068929296,0.083874,-0.04979,9.723898
1755068929299,0.071338,-0.05476,9.731598
1755068929300,0.068235,-0.06064,9.737381
1755068929303,0.077371,-0.056905,9.734422
1755068929305,0.073732,-0.061263,9.73401
1755068929306,0.078223,-0.055115,9.732268
1755068929308,0.087992,-0.060305,9.738051
1755068929310,0.088691,-0.056139,9.742352
1755068929313,0.085004,-0.049847,9.731405
1755068929314,0.080857,-0.051207,9.723227
1755068929317,0.076346,-0.06019,9.735341
1755068929319,0.082705,-0.055976,9.739796
1755068929321,0.093441,-0.050786,9.733617
1755068929322,0.087379,-0.040548,9.730735
1755068929324,0.078951,-0.047051,9.720267
1755068929326,0.081661,-0.047204,9.724644
1755068929328,0.082006,-0.047597,9.731845
1755068929330,0.086364,-0.049541,9.734718
1755068929333,0.098526,-0.05636,9.726243
1755068929335,0.106571,-0.073464,9.719817
1755068929337,0.092397,-0.070753,9.713239
1755068929339,0.085799,-0.074603,9.721196
1755068929340,0.084716,-0.064998,9.728714
1755068929343,0.087704,-0.053046,9.727976
1755068929344,0.089227,-0.052941,9.731089
1755068929346,0.097023,-0.04662,9.737737
1755068929349,0.094533,-0.052634,9.727468
1755068929352,0.098201,-0.050642,9.727957
1755068929356,0.100873,-0.061387,9.730198
1755068929357,0.099139,-0.061157,9.734241
1755068929358,0.103391,-0.052414,9.732669
1755068929359,0.105441,-0.055775,9.737287
1755068929360,0.092215,-0.058955,9.7381
1755068929362,0.092129,-0.052768,9.74284
1755068929364,0.09709,-0.052787,9.742476
1755068929366,0.09143,-0.049656,9.741096
1755068929369,0.087206,-0.048487,9.721906
1755068929370,0.084084,-0.058351,9.722919
1755068929372,0.086277,-0.065515,9.715948
1755068929375,0.094351,-0.0593,9.714128
1755068929376,0.098086,-0.061885,9.725218
1755068929378,0.100106,-0.057327,9.722259
1755068929380,0.09935,-0.061234,9.723628
1755068929382,0.107959,-0.058668,9.729911
1755068929385,0.102175,-0.048794,9.73537
1755068929386,0.094523,-0.047597,9.735908
1755068929388,0.086507,-0.055785,9.732832
1755068929390,0.090376,-0.062795,9.732372
1755068929393,0.092273,-0.066453,9.731473
1755068929394,0.087139,-0.06789,9.73243
1755068929396,0.074776,-0.066233,9.725314
1755068929399,0.076959,-0.058725,9.719769
1755068929401,0.082772,-0.057346,9.725467
1755068929403,0.084487,-0.045624,9.726386
1755068929404,0.083883,-0.048621,9.729319
1755068929406,0.081298,-0.049378,9.739133
1755068929408,0.082159,-0.052998,9.740886
1755068929410,0.093661,-0.050604,9.738281
1755068929413,0.097454,-0.050106,9.724932
1755068929415,0.086268,-0.052213,9.721063
1755068929417,0.083021,-0.055823,9.722404
1755068929419,0.072765,-0.051006,9.720258
1755068929421,0.072563,-0.039389,9.717318
1755068929422,0.06675,-0.038757,9.726444
1755068929424,0.079765,-0.052835,9.73332
1755068929426,0.088471,-0.056091,9.718955
1755068929428,0.086421,-0.053333,9.710336
1755068929430,0.084094,-0.06992,9.718218
1755068929432,0.086134,-0.061569,9.732075
1755068929434,0.094935,-0.051485,9.732171
1755068929436,0.086728,-0.052519,9.72541
1755068929439,0.090817,-0.050604,9.735503
1755068929440,0.090376,-0.056494,9.733282
1755068929442,0.083328,-0.061617,9.737093
1755068929444,0.085339,-0.046141,9.750903
1755068929446,0.084362,-0.039897,9.751258
1755068929448,0.08487,-0.040788,9.742266
1755068929450,0.080761,-0.044523,9.727039
1755068929453,0.083663,-0.042128,9.717662
1755068929454,0.088633,-0.048152,9.714961
1755068929457,0.082006,-0.059855,9.71388
1755068929459,0.086364,-0.063724,9.72133
1755068929460,0.080531,-0.056992,9.728273
1755068929462,0.080618,-0.053573,9.732938
1755068929465,0.078606,-0.06245,9.731482
1755068929467,0.081681,-0.063849,9.733904
1755068929470,0.089792,-0.052615,9.738817
1755068929472,0.096553,-0.056398,9.746384
1755068929473,0.097952,-0.059252,9.741997
1755068929476,0.101485,-0.061253,9.727499
1755068929478,0.097377,-0.061675,9.732027
1755068929479,0.099168,-0.067153,9.732975
1755068929480,0.084793,-0.065754,9.723342
1755068929483,0.086316,-0.064682,9.733503
1755068929485,0.086833,-0.062441,9.733253
1755068929488,0.088844,-0.053008,9.725802
