1754988183852,0.275175,-0.024526,9.882358
1754988183853,0.256032,0.004187,9.9015
1754988183854,0.291924,0.008973,9.882358
1754988183854,0.275175,-0.012562,9.906285
1754988183855,0.275175,-0.019741,9.913465
1754988183856,0.253639,0.016152,9.879965
1754988183856,0.282353,0.013759,9.889536
1754988183857,0.282353,-0.022134,9.882358
1754988183857,0.256032,0.020937,9.882358
1754988183858,0.27996,-0.012562,9.889536
1754988183858,0.284746,-0.012562,9.868001
1754988183859,0.284746,-0.031705,9.872787
1754988183859,0.282353,-0.029312,9.9015
1754988183860,0.270389,-0.017348,9.894321
1754988183861,0.289532,-0.012562,9.887143
1754988183861,0.275175,-0.026919,9.868001
1754988183862,0.275175,-0.038883,9.868001
1754988183862,0.289532,-0.024526,9.875179
1754988183863,0.284746,-0.031705,9.882358
1754988183863,0.263211,0.00658,9.896714
1754988183864,0.289532,-0.002991,9.879965
1754988183864,0.287139,-0.019741,9.870394
1754988183865,0.27996,-0.017348,9.889536
1754988183866,0.289532,0.011366,9.875179
1754988183866,0.275175,-0.007777,9.872787
1754988183867,0.308674,-0.012562,9.879965
1754988183867,0.303888,-0.022134,9.894321
1754988183867,0.29671,0.001795,9.879965
1754988183867,0.299103,-0.010169,9.896714
1754988183868,0.282353,-0.022134,9.882358
1754988183868,0.306281,-0.048455,9.875179
1754988183868,0.287139,-0.019741,9.882358
1754988183868,0.289532,-0.022134,9.868001
1754988183869,0.251246,-0.031705,9.882358
1754988183869,0.284746,-0.005384,9.879965
1754988183869,0.282353,-0.026919,9.9015
1754988183869,0.258425,-0.014955,9.879965
1754988183870,0.270389,-0.034098,9.88475
1754988183871,0.282353,-0.034098,9.889536
1754988183873,0.291924,-0.022134,9.870394
1754988183875,0.263211,0.001795,9.870394
1754988183878,0.267996,-0.007777,9.863214
1754988183880,0.267996,-0.000598,9.868001
1754988183882,0.270389,-0.002991,9.887143
1754988183885,0.337388,0.008973,9.906285
1754988183887,0.272782,-0.029312,9.889536
1754988183889,0.294317,-0.007777,9.889536
1754988183892,0.325424,0.001795,9.882358
1754988183894,0.284746,-0.012562,9.865608
1754988183897,0.289532,0.001795,9.875179
1754988183899,0.27996,-0.010169,9.891929
1754988183901,0.275175,0.025723,9.872787
1754988183904,0.270389,-0.012562,9.872787
1754988183906,0.294317,-0.017348,9.872787
1754988183909,0.267996,-0.012562,9.879965
1754988183911,0.291924,-0.012562,9.882358
1754988183913,0.301496,-0.041276,9.860822
1754988183916,0.277567,-0.017348,9.877572
1754988183918,0.282353,-0.010169,9.896714
1754988183921,0.284746,0.016152,9.870394
1754988183924,0.282353,0.018544,9.848858
1754988183926,0.291924,-0.017348,9.868001
1754988183927,0.320638,-0.022134,9.851251
1754988183930,0.287139,-0.019741,9.853643
1754988183932,0.311067,-0.014955,9.853643
1754988183935,0.27996,-0.017348,9.879965
1754988183937,0.308674,-0.002991,9.875179
1754988183940,0.270389,-0.002991,9.894321
1754988183942,0.284746,-0.019741,9.882358
1754988183945,0.277567,-0.014955,9.872787
1754988183950,0.303888,-0.031705,9.896714
1754988183951,0.256032,-0.038883,9.889536
1754988183952,0.294317,-0.026919,9.868001
1754988183955,0.272782,-0.046062,9.891929
1754988183956,0.263211,-0.005384,9.877572
1754988183959,0.284746,-0.031705,9.889536
1754988183961,0.258425,0.008973,9.865608
1754988183964,0.282353,-0.041276,9.879965
1754988183966,0.275175,-0.017348,9.872787
1754988183969,0.267996,-0.031705,9.868001
1754988183971,0.272782,-0.026919,9.889536
1754988183973,0.270389,-0.022134,9.887143
1754988183975,0.277567,-0.007777,9.889536
1754988183978,0.27996,-0.034098,9.896714
1754988183982,0.315853,-0.024526,9.868001
1754988183983,0.282353,0.004187,9.887143
1754988183986,0.294317,-0.017348,9.887143
1754988183988,0.294317,-0.034098,9.88475
1754988183990,0.308674,-0.026919,9.891929
1754988183992,0.27996,-0.017348,9.88475
1754988183995,0.260818,-0.034098,9.853643
1754988183999,0.29671,-0.046062,9.896714
1754988184000,0.267996,-0.043669,9.879965
1754988184003,0.282353,-0.017348,9.875179
1754988184005,0.272782,-0.000598,9.872787
1754988184007,0.265603,0.001795,9.889536
1754988184009,0.282353,-0.029312,9.882358
1754988184012,0.275175,-0.026919,9.894321
1754988184018,0.294317,-0.010169,9.899107
1754988184020,0.306281,-0.000598,9.877572
1754988184020,0.263211,0.00658,9.88475
1754988184021,0.282353,-0.014955,9.88475
1754988184024,0.31346,-0.024526,9.865608
1754988184026,0.303888,-0.022134,9.868001
1754988184028,0.275175,-0.000598,9.879965
1754988184031,0.287139,-0.017348,9.865608
1754988184033,0.275175,-0.012562,9.877572
1754988184035,0.27996,-0.014955,9.911072
1754988184038,0.289532,0.008973,9.896714
1754988184040,0.251246,-0.019741,9.879965
1754988184043,0.289532,-0.019741,9.879965
1754988184045,0.291924,-0.055633,9.887143
1754988184047,0.256032,-0.043669,9.882358
1754988184050,0.303888,-0.017348,9.879965
1754988184052,0.291924,-0.019741,9.889536
1754988184055,0.275175,-0.041276,9.88475
1754988184057,0.291924,-0.022134,9.860822
1754988184059,0.282353,-0.000598,9.870394
1754988184062,0.294317,-0.014955,9.887143
1754988184064,0.270389,-0.026919,9.903893
1754988184068,0.277567,0.001795,9.887143
1754988184069,0.270389,0.001795,9.882358
1754988184072,0.318245,-0.031705,9.877572
1754988184074,0.301496,-0.002991,9.891929
1754988184076,0.263211,-0.024526,9.891929
1754988184079,0.27996,0.004187,9.887143
1754988184081,0.270389,-0.019741,9.877572
1754988184084,0.311067,-0.029312,9.887143
1754988184087,0.308674,-0.012562,9.875179
1754988184088,0.27996,-0.007777,9.860822
1754988184091,0.265603,-0.002991,9.868001
1754988184093,0.284746,-0.014955,9.891929
1754988184095,0.287139,-0.031705,9.865608
1754988184098,0.260818,-0.014955,9.896714
1754988184100,0.287139,-0.022134,9.872787
1754988184103,0.303888,-0.012562,9.88475
1754988184105,0.275175,-0.022134,9.879965
1754988184108,0.263211,-0.038883,9.875179
1754988184110,0.277567,-0.031705,9.872787
1754988184112,0.291924,-0.017348,9.889536
1754988184115,0.284746,-0.000598,9.894321
1754988184118,0.334995,0.00658,9.863214
1754988184119,0.301496,0.001795,9.911072
1754988184122,0.294317,-0.019741,9.920643
1754988184124,0.263211,-0.014955,9.887143
1754988184127,0.282353,-0.014955,9.872787
1754988184129,0.287139,-0.036491,9.894321
1754988184131,0.272782,-0.002991,9.879965
1754988184135,0.272782,-0.007777,9.891929
1754988184136,0.289532,-0.019741,9.875179
1754988184139,0.29671,-0.031705,9.894321
1754988184141,0.289532,0.018544,9.872787
1754988184143,0.277567,-0.024526,9.875179
1754988184146,0.294317,-0.010169,9.882358
1754988184149,0.294317,0.00658,9.891929
1754988184151,0.258425,-0.031705,9.899107
1754988184153,0.299103,-0.019741,9.872787
1754988184155,0.291924,-0.005384,9.860822
1754988184158,0.294317,0.001795,9.88475
1754988184160,0.31346,-0.036491,9.913465
1754988184162,0.294317,-0.012562,9.903893
1754988184165,0.258425,-0.010169,9.877572
1754988184168,0.27996,0.008973,9.887143
1754988184170,0.301496,-0.012562,9.877572
1754988184172,0.311067,-0.026919,9.879965
1754988184174,0.291924,-0.026919,9.858429
1754988184177,0.299103,-0.024526,9.875179
1754988184179,0.299103,0.013759,9.879965
1754988184182,0.275175,0.004187,9.889536
1754988184185,0.256032,-0.017348,9.865608
1754988184187,0.27996,-0.002991,9.868001
1754988184189,0.272782,-0.026919,9.872787
1754988184191,0.277567,-0.026919,9.868001
1754988184194,0.282353,-0.000598,9.889536
1754988184196,0.294317,-0.010169,9.879965
1754988184198,0.318245,-0.007777,9.872787
1754988184202,0.282353,-0.010169,9.88475
1754988184203,0.291924,0.001795,9.88475
1754988184206,0.277567,-0.000598,9.879965
1754988184208,0.260818,-0.010169,9.870394
1754988184211,0.289532,-0.031705,9.891929
1754988184213,0.303888,-0.012562,9.872787
1754988184215,0.270389,-0.017348,9.877572
1754988184220,0.275175,-0.017348,9.877572
1754988184221,0.31346,-0.017348,9.887143
1754988184223,0.299103,-0.017348,9.88475
1754988184225,0.284746,-0.022134,9.858429
1754988184227,0.251246,-0.012562,9.877572
1754988184230,0.291924,-0.022134,9.891929
1754988184232,0.256032,-0.010169,9.858429
1754988184235,0.29671,-0.029312,9.853643
1754988184237,0.284746,-0.026919,9.860822
1754988184239,0.282353,-0.031705,9.875179
1754988184242,0.29671,-0.012562,9.899107
1754988184244,0.301496,0.00658,9.882358
1754988184246,0.282353,0.004187,9.865608
1754988184249,0.270389,-0.043669,9.877572
1754988184251,0.27996,-0.029312,9.870394
1754988184254,0.260818,-0.007777,9.875179
1754988184256,0.287139,-0.014955,9.872787
1754988184258,0.284746,0.00658,9.882358
1754988184261,0.299103,-0.010169,9.889536
1754988184263,0.294317,-0.010169,9.887143
1754988184265,0.306281,-0.005384,9.894321
1754988184268,0.351745,-0.024526,9.882358
1754988184271,0.303888,-0.000598,9.868001
1754988184273,0.29671,-0.010169,9.872787
1754988184275,0.306281,-0.005384,9.88475
1754988184277,0.291924,-0.024526,9.865608
1754988184280,0.299103,-0.026919,9.877572
1754988184282,0.339781,-0.031705,9.872787
1754988184285,0.270389,-0.014955,9.896714
1754988184287,0.287139,-0.024526,9.887143
1754988184290,0.294317,-0.026919,9.872787
1754988184292,0.318245,-0.026919,9.865608
1754988184294,0.289532,-0.012562,9.868001
1754988184297,0.270389,0.001795,9.863214
1754988184299,0.272782,-0.014955,9.889536
1754988184301,0.311067,-0.014955,9.856036
1754988184304,0.299103,-0.031705,9.877572
1754988184307,0.272782,-0.000598,9.872787
1754988184309,0.308674,-0.019741,9.894321
1754988184311,0.287139,-0.026919,9.88475
1754988184313,0.294317,-0.017348,9.875179
1754988184316,0.272782,-0.022134,9.879965
1754988184319,0.277567,-0.012562,9.870394
1754988184321,0.291924,0.00658,9.872787
1754988184323,0.275175,-0.007777,9.856036
1754988184326,0.318245,-0.022134,9.891929
1754988184328,0.284746,-0.017348,9.903893
1754988184330,0.299103,-0.026919,9.879965
1754988184333,0.27996,-0.017348,9.889536
1754988184335,0.258425,-0.005384,9.875179
1754988184338,0.260818,-0.000598,9.879965
1754988184340,0.282353,-0.036491,9.875179
1754988184342,0.29671,-0.031705,9.877572
1754988184345,0.306281,-0.046062,9.872787
1754988184347,0.277567,-0.041276,9.887143
1754988184349,0.29671,0.00658,9.875179
1754988184352,0.303888,-0.019741,9.858429
1754988184356,0.291924,-0.046062,9.872787
1754988184357,0.29671,-0.012562,9.894321
1754988184359,0.33021,-0.012562,9.88475
1754988184361,0.294317,-0.012562,9.891929
1754988184364,0.277567,-0.036491,9.872787
1754988184366,0.267996,-0.024526,9.882358
1754988184369,0.29671,0.00658,9.848858
1754988184373,0.294317,0.004187,9.844072
1754988184374,0.282353,0.004187,9.863214
1754988184376,0.289532,-0.010169,9.868001
1754988184378,0.272782,-0.024526,9.896714
1754988184381,0.29671,0.00658,9.88475
1754988184383,0.308674,-0.007777,9.879965
1754988184386,0.289532,-0.034098,9.887143
1754988184388,0.306281,-0.041276,9.877572
1754988184390,0.318245,0.011366,9.88475
1754988184393,0.299103,-0.005384,9.899107
1754988184395,0.284746,-0.014955,9.889536
1754988184397,0.311067,-0.002991,9.882358
1754988184400,0.303888,0.016152,9.868001
1754988184402,0.27996,0.016152,9.9015
1754988184405,0.301496,-0.014955,9.875179
1754988184407,0.294317,-0.012562,9.872787
1754988184410,0.289532,-0.024526,9.894321
1754988184412,0.315853,-0.036491,9.868001
1754988184414,0.291924,-0.010169,9.848858
1754988184416,0.289532,0.004187,9.860822
1754988184419,0.275175,-0.019741,9.865608
1754988184421,0.306281,-0.002991,9.88475
1754988184424,0.299103,-0.017348,9.903893
1754988184427,0.284746,-0.031705,9.899107
1754988184429,0.256032,-0.022134,9.896714
1754988184431,0.265603,-0.031705,9.882358
1754988184433,0.270389,-0.014955,9.891929
1754988184436,0.301496,-0.002991,9.88475
1754988184438,0.272782,-0.005384,9.899107
1754988184441,0.256032,-0.007777,9.875179
1754988184444,0.256032,-0.034098,9.872787
1754988184445,0.294317,-0.014955,9.894321
1754988184447,0.306281,-0.007777,9.903893
1754988184450,0.270389,0.04008,9.875179
1754988184452,0.291924,-0.002991,9.858429
1754988184455,0.29671,-0.007777,9.875179
1754988184458,0.308674,-0.012562,9.868001
1754988184460,0.301496,-0.014955,9.863214
1754988184463,0.287139,-0.022134,9.887143
1754988184464,0.301496,-0.019741,9.9015
1754988184467,0.303888,-0.024526,9.870394
1754988184469,0.256032,-0.007777,9.868001
1754988184471,0.303888,-0.019741,9.875179
1754988184475,0.258425,-0.017348,9.872787
1754988184476,0.31346,-0.024526,9.872787
1754988184479,0.306281,-0.017348,9.889536
1754988184481,0.315853,-0.019741,9.891929
1754988184484,0.265603,-0.007777,9.891929
1754988184486,0.299103,-0.019741,9.889536
1754988184489,0.311067,-0.017348,9.856036
1754988184492,0.284746,-0.002991,9.891929
1754988184493,0.303888,-0.012562,9.882358
1754988184495,0.303888,-0.022134,9.858429
1754988184498,0.289532,-0.012562,9.858429
1754988184501,0.303888,-0.002991,9.896714
1754988184503,0.282353,0.004187,9.868001
1754988184505,0.277567,-0.012562,9.865608
1754988184509,0.275175,0.00658,9.870394
1754988184510,0.258425,0.004187,9.88475
1754988184512,0.270389,-0.010169,9.889536
1754988184515,0.299103,-0.036491,9.865608
1754988184517,0.306281,-0.019741,9.865608
1754988184520,0.27996,-0.022134,9.875179
1754988184522,0.263211,0.001795,9.9015
1754988184525,0.272782,-0.007777,9.891929
1754988184528,0.265603,0.004187,9.870394
1754988184529,0.265603,0.004187,9.860822
1754988184531,0.272782,-0.022134,9.887143
1754988184534,0.272782,-0.007777,9.894321
1754988184536,0.311067,-0.007777,9.879965
1754988184539,0.325424,-0.024526,9.882358
1754988184548,0.311067,-0.019741,9.875179
1754988184550,0.29671,-0.005384,9.870394
1754988184551,0.308674,-0.005384,9.877572
1754988184553,0.282353,-0.017348,9.856036
1754988184554,0.282353,-0.014955,9.872787
1754988184555,0.291924,-0.010169,9.875179
1754988184556,0.303888,-0.005384,9.908679
1754988184559,0.275175,-0.022134,9.906285
1754988184561,0.29671,-0.041276,9.913465
1754988184563,0.31346,-0.022134,9.882358
1754988184565,0.291924,-0.010169,9.903893
1754988184567,0.284746,-0.029312,9.889536
1754988184570,0.299103,-0.026919,9.872787
1754988184572,0.29671,-0.022134,9.899107
1754988184575,0.29671,-0.031705,9.903893
1754988184577,0.277567,-0.010169,9.856036
1754988184579,0.311067,-0.029312,9.889536
1754988184581,0.308674,-0.041276,9.896714
1754988184584,0.270389,-0.017348,9.865608
1754988184586,0.27996,-0.022134,9.9015
1754988184589,0.282353,-0.000598,9.88475
1754988184591,0.27996,0.008973,9.877572
1754988184595,0.265603,-0.019741,9.872787
1754988184596,0.275175,0.00658,9.903893
1754988184599,0.284746,-0.014955,9.882358
1754988184601,0.291924,-0.022134,9.868001
1754988184603,0.332602,-0.017348,9.863214
1754988184606,0.299103,-0.014955,9.863214
1754988184610,0.289532,-0.002991,9.903893
1754988184612,0.27996,-0.022134,9.879965
1754988184613,0.301496,-0.024526,9.882358
1754988184616,0.27996,-0.024526,9.894321
1754988184618,0.270389,0.00658,9.88475
1754988184620,0.289532,-0.014955,9.865608
1754988184624,0.31346,0.001795,9.9015
1754988184625,0.287139,-0.024526,9.959227
1754988184628,0.291924,0.004187,9.887143
1754988184631,0.265603,-0.034098,9.894321
1754988184632,0.270389,-0.046062,9.84168
1754988184635,0.306281,-0.031705,9.851251
1754988184637,0.29671,-0.012562,9.882358
1754988184639,0.284746,0.00658,9.887143
1754988184642,0.282353,-0.002991,9.896714
1754988184645,0.287139,-0.029312,9.872787
1754988184647,0.267996,-0.031705,9.899107
1754988184649,0.301496,0.008973,9.889536
1754988184651,0.277567,-0.024526,9.865608
1754988184654,0.29671,-0.022134,9.856036
1754988184656,0.291924,0.011366,9.925428
1754988184659,0.256032,-0.005384,9.810573
1754988184661,0.287139,-0.019741,9.853643
1754988184663,0.332602,-0.034098,9.947263
1754988184666,0.318245,0.00658,9.88475
1754988184668,0.284746,-0.014955,9.846465
1754988184670,0.277567,-0.019741,9.846465
1754988184673,0.303888,-0.034098,9.903893
1754988184675,0.248854,-0.048455,9.856036
1754988184678,0.299103,0.001795,9.870394
1754988184680,0.256032,0.044865,9.956834
1754988184682,0.265603,-0.058026,9.805787
1754988184685,0.282353,-0.06999,9.877572
1754988184687,0.308674,-0.038883,9.882358
1754988184690,0.299103,0.016152,9.911072
1754988184692,0.263211,0.018544,9.959227
1754988184697,0.282353,-0.002991,9.741181
1754988184698,0.301496,-0.072383,9.990334
1754988184699,0.282353,-0.029312,9.789038
1754988184702,0.308674,0.068794,10.007083
1754988184704,0.267996,-0.026919,9.865608
1754988184706,0.294317,-0.072383,9.865608
1754988184709,0.294317,-0.089133,9.796216
1754988184712,0.320638,0.047258,10.009477
1754988184714,0.270389,-0.000598,9.899107
1754988184716,0.306281,-0.031705,9.74836
1754988184718,0.272782,-0.098704,9.836894
1754988184721,0.282353,-0.007777,9.987941
1754988184723,0.272782,0.059222,9.930214
1754988184726,0.29671,-0.036491,9.693324
1754988184729,0.282353,-0.115454,9.975977
1754988184731,0.275175,0.016152,9.875179
1754988184733,0.272782,0.066401,9.971191
1754988184735,0.267996,0.016152,9.710074
1754988184737,0.303888,-0.098704,10.03819
1754988184740,0.284746,-0.036491,9.803394
1754988184743,0.327817,0.044865,9.961619
1754988184745,0.299103,0.00658,9.858429
1754988184748,0.323031,-0.072383,9.913465
1754988184750,0.284746,-0.067597,9.734002
1754988184752,0.308674,0.052044,10.019048
1754988184754,0.284746,0.018544,9.911072
1754988184757,0.229711,-0.043669,9.695718
1754988184760,0.284746,-0.077169,9.995119
1754988184761,0.306281,0.013759,9.781859
1754988184764,0.282353,0.064008,10.045368
1754988184767,0.263211,-0.002991,9.712467
1754988184769,0.291924,-0.079561,9.966406
1754988184771,0.294317,-0.074776,9.762716
1754988184773,0.301496,0.064008,10.109975
1754988184776,0.22014,0.018544,9.839287
1754988184778,0.275175,-0.065204,9.820144
1754988184781,0.303888,-0.113061,9.796216
1754988184783,0.31346,0.066401,9.999905
1754988184785,0.284746,0.064008,9.937392
1754988184788,0.265603,-0.055633,9.801002
1754988184790,0.299103,-0.129811,9.796216
1754988184793,0.311067,0.004187,10.031012
1754988184795,0.267996,0.073579,9.879965
1754988184797,0.253639,0.016152,9.863214
1754988184800,0.287139,-0.134596,9.683753
1754988184802,0.318245,-0.029312,10.057333
1754988184805,0.301496,0.04008,9.784252
1754988184807,0.265603,-0.002991,10.007083
1754988184809,0.303888,-0.046062,9.74836
1754988184812,0.29671,-0.041276,9.942178
1754988184815,0.270389,0.107079,9.913465
1754988184817,0.27996,-0.06999,9.724431
1754988184820,0.308674,-0.079561,9.997512
1754988184821,0.29671,0.035294,9.851251
1754988184824,0.251246,-0.000598,9.810573
1754988184826,0.294317,-0.012562,9.997512
1754988184829,0.301496,-0.002991,9.846465
1754988184832,0.251246,-0.043669,9.757931
1754988184834,0.299103,-0.055633,9.956834
1754988184836,0.33021,0.013759,9.927821
1754988184838,0.267996,-0.002991,9.755538
1754988184841,0.251246,-0.058026,9.887143
1754988184843,0.325424,0.020937,9.971191
1754988184845,0.270389,-0.005384,9.815358
1754988184849,0.275175,-0.079561,9.810573
1754988184850,0.301496,-0.000598,9.908679
1754988184853,0.301496,-0.034098,9.939785
1754988184855,0.258425,-0.036491,9.915857
1754988184857,0.308674,-0.024526,9.743574
1754988184860,0.323031,-0.050847,9.846465
1754988184863,0.294317,0.00658,9.985548
1754988184865,0.332602,0.00658,9.887143
1754988184867,0.31346,0.016152,9.879965
1754988184869,0.299103,-0.019741,9.784252
1754988184872,0.277567,-0.038883,9.863214
1754988184874,0.291924,0.004187,9.980762
1754988184877,0.323031,0.018544,9.860822
1754988184879,0.263211,-0.022134,9.899107
1754988184882,0.251246,0.020937,9.777073
1754988184884,0.263211,-0.048455,9.868001
1754988184886,0.306281,0.016152,9.913465
1754988184889,0.301496,0.00658,9.882358
1754988184891,0.272782,-0.014955,9.915857
1754988184893,0.289532,0.001795,9.856036
1754988184895,0.272782,-0.055633,9.899107
1754988184898,0.318245,-0.014955,9.722038
1754988184901,0.272782,-0.024526,9.908679
1754988184903,0.294317,-0.022134,9.913465
1754988184905,0.282353,-0.002991,9.858429
1754988184908,0.29671,0.004187,9.915857
1754988184910,0.282353,-0.017348,9.939785
1754988184913,0.258425,-0.029312,9.887143
1754988184915,0.308674,0.016152,9.769895
1754988184918,0.277567,-0.034098,9.947263
1754988184920,0.263211,-0.010169,9.815358
1754988184923,0.258425,-0.017348,9.812965
1754988184925,0.303888,-0.002991,9.992726
1754988184927,0.267996,-0.014955,9.865608
1754988184929,0.287139,0.004187,9.906285
1754988184932,0.315853,-0.005384,9.942178
1754988184934,0.303888,-0.014955,9.903893
1754988184937,0.318245,0.013759,9.745967
1754988184939,0.308674,-0.034098,9.961619
1754988184941,0.323031,-0.029312,9.779466
1754988184944,0.267996,-0.036491,9.848858
1754988184947,0.301496,-0.000598,9.961619
1754988184949,0.294317,0.008973,9.865608
1754988184951,0.270389,-0.014955,9.920643
1754988184954,0.299103,0.00658,9.903893
1754988184955,0.251246,-0.029312,9.908679
1754988184958,0.318245,-0.000598,9.74836
1754988184961,0.267996,-0.067597,9.937392
1754988184963,0.303888,-0.029312,9.827323
1754988184965,0.275175,-0.055633,9.865608
1754988184968,0.260818,0.00658,9.956834
1754988184970,0.308674,-0.002991,9.860822
1754988184972,0.282353,-0.026919,9.934999
1754988184975,0.315853,0.008973,9.887143
1754988184977,0.282353,-0.043669,9.91825
1754988184980,0.306281,-0.014955,9.755538
1754988184982,0.277567,-0.048455,9.889536
1754988184988,0.284746,-0.019741,9.896714
1754988184989,0.263211,-0.005384,9.908679
1754988184990,0.277567,-0.029312,9.942178
1754988184992,0.294317,0.00658,9.908679
1754988184994,0.263211,-0.031705,9.903893
1754988184996,0.301496,-0.022134,9.798609
1754988184999,0.27996,-0.022134,9.856036
1754988185003,0.272782,-0.036491,9.887143
1754988185004,0.248854,-0.010169,9.879965
1754988185006,0.267996,-0.007777,9.932607
1754988185009,0.267996,0.004187,9.856036
1754988185011,0.248854,-0.050847,9.889536
1754988185013,0.282353,-0.038883,9.829716
1754988185015,0.282353,-0.034098,9.889536
1754988185018,0.31346,-0.005384,9.9015
1754988185020,0.289532,0.011366,9.853643
1754988185023,0.27996,-0.043669,9.947263
1754988185025,0.282353,0.011366,9.810573
1754988185027,0.287139,-0.029312,9.899107
1754988185030,0.246461,0.037687,9.887143
1754988185032,0.267996,-0.024526,9.79143
1754988185035,0.258425,-0.026919,9.88475
1754988185038,0.311067,-0.012562,9.877572
1754988185040,0.29671,-0.024526,9.851251
1754988185043,0.20339,0.004187,9.77468
1754988185045,0.282353,-0.029312,9.853643
1754988185047,0.284746,-0.017348,9.920643
1754988185049,0.267996,-0.007777,9.848858
1754988185052,0.301496,-0.024526,9.882358
1754988185054,0.248854,-0.022134,9.741181
1754988185057,0.256032,-0.007777,9.834501
1754988185059,0.418744,-0.031705,10.05494
1754988185061,0.31346,-0.029312,9.798609
1754988185063,0.370888,-0.029312,9.889536
1754988185066,0.29671,-0.024526,9.954441
1754988185073,0.323031,0.001795,9.913465
1754988185074,0.31346,-0.026919,9.891929
1754988185075,0.236889,-0.024526,9.829716
1754988185077,0.272782,0.013759,9.891929
1754988185078,0.37328,-0.048455,10.083653
1754988185080,0.315853,-0.022134,9.915857
1754988185083,0.253639,0.016152,9.868001
1754988185087,0.282353,-0.014955,10.009477
1754988185087,0.263211,0.004187,9.801002
1754988185090,0.258425,0.020937,9.870394
1754988185092,0.308674,-0.034098,9.913465
1754988185095,0.256032,-0.022134,9.865608
1754988185097,0.260818,0.004187,9.88475
1754988185099,0.232104,-0.010169,9.820144
1754988185102,0.291924,-0.050847,9.906285
1754988185104,0.277567,-0.019741,9.858429
1754988185107,0.270389,-0.005384,9.853643
1754988185109,0.299103,-0.002991,9.882358
1754988185112,0.320638,-0.017348,9.913465
1754988185114,0.234497,-0.017348,9.844072
1754988185116,0.241675,0.001795,9.829716
1754988185119,0.236889,-0.014955,9.82493
1754988185121,0.284746,-0.014955,9.939785
1754988185123,0.272782,-0.036491,9.851251
1754988185126,0.301496,-0.012562,9.796216
1754988185129,0.287139,0.008973,9.882358
1754988185131,0.258425,0.00658,9.88475
1754988185133,0.29671,-0.046062,9.954441
1754988185135,0.291924,0.001795,9.939785
1754988185138,0.277567,-0.019741,9.9015
1754988185140,0.294317,-0.043669,9.911072
1754988185142,0.256032,0.00658,9.846465
1754988185145,0.325424,-0.038883,9.896714
1754988185147,0.272782,-0.026919,9.846465
1754988185149,0.301496,-0.014955,9.836894
1754988185152,0.272782,-0.012562,9.911072
1754988185154,0.318245,-0.041276,9.915857
1754988185157,0.315853,-0.000598,9.848858
1754988185160,0.327817,0.001795,9.911072
1754988185162,0.334995,-0.017348,9.925428
1754988185164,0.33021,0.011366,9.875179
1754988185167,0.299103,-0.002991,9.856036
1754988185169,0.287139,-0.000598,9.923036
1754988185172,0.299103,-0.014955,9.853643
1754988185174,0.303888,-0.026919,9.891929
1754988185176,0.289532,-0.000598,9.911072
1754988185178,0.311067,-0.007777,9.882358
1754988185181,0.31346,0.013759,9.894321
1754988185183,0.289532,-0.010169,9.877572
1754988185185,0.284746,-0.014955,9.944571
1754988185189,0.315853,-0.029312,9.846465
1754988185192,0.277567,-0.005384,9.925428
1754988185193,0.239282,0.004187,9.741181
1754988185195,0.04995,0.020937,9.592826
1754988185197,0.090628,0.020937,9.619147
1754988185200,0.287139,-0.046062,9.77468
1754988185202,0.315853,-0.005384,10.042975
1754988185206,0.303888,-0.005384,9.894321
1754988185207,0.27996,0.008973,9.879965
1754988185210,0.270389,0.00658,9.879965
1754988185212,0.27996,0.00658,9.853643
1754988185214,0.282353,0.001795,9.844072
1754988185217,0.31346,-0.012562,9.868001
1754988185219,0.265603,0.02333,9.879965
1754988185223,0.299103,-0.014955,9.879965
1754988185224,0.315853,-0.017348,9.908679
1754988185227,0.270389,0.001795,9.9015
1754988185229,0.303888,-0.012562,9.899107
1754988185231,0.299103,-0.024526,9.887143
1754988185233,0.301496,0.001795,9.882358
1754988185236,0.294317,-0.019741,9.877572
1754988185240,0.267996,0.004187,9.9015
1754988185241,0.277567,-0.022134,9.88475
1754988185244,0.282353,-0.022134,9.882358
1754988185245,0.284746,-0.014955,9.88475
1754988185248,0.27996,-0.005384,9.896714
1754988185250,0.265603,-0.005384,9.872787
1754988185253,0.301496,-0.002991,9.868001
1754988185255,0.323031,-0.019741,9.858429
1754988185258,0.272782,-0.014955,9.877572
1754988185260,0.299103,-0.012562,9.877572
1754988185262,0.284746,-0.046062,9.870394
1754988185264,0.289532,0.004187,9.903893
1754988185267,0.311067,-0.022134,9.860822
1754988185269,0.284746,-0.012562,9.860822
1754988185272,0.27996,-0.024526,9.872787
1754988185275,0.256032,-0.012562,9.868001
1754988185277,0.308674,-0.010169,9.879965
1754988185279,0.289532,-0.010169,9.882358
1754988185281,0.239282,-0.019741,9.896714
1754988185284,0.287139,0.004187,9.863214
1754988185286,0.248854,-0.019741,9.891929
1754988185289,0.294317,-0.012562,9.882358
1754988185292,0.301496,0.016152,9.848858
1754988185294,0.308674,0.016152,9.899107
1754988185296,0.306281,-0.005384,9.899107
1754988185298,0.299103,0.004187,9.879965
1754988185300,0.251246,-0.050847,9.856036
1754988185303,0.29671,-0.038883,9.88475
1754988185305,0.31346,-0.010169,9.894321
1754988185308,0.260818,-0.026919,9.848858
1754988185311,0.275175,-0.000598,9.894321
1754988185313,0.287139,0.008973,9.896714
1754988185315,0.29671,-0.002991,9.820144
1754988185317,0.277567,-0.072383,9.889536
1754988185320,0.318245,-0.022134,9.908679
1754988185322,0.277567,-0.000598,9.82493
1754988185325,0.272782,-0.034098,9.908679
1754988185327,0.282353,-0.038883,9.925428
1754988185330,0.284746,-0.017348,9.796216
1754988185332,0.244068,-0.046062,9.863214
1754988185334,0.289532,0.025723,9.896714
1754988185337,0.263211,-0.005384,9.827323
1754988185339,0.256032,-0.055633,9.911072
1754988185342,0.275175,-0.026919,9.882358
1754988185346,0.272782,-0.017348,9.839287
1754988185347,0.282353,-0.05324,9.882358
1754988185348,0.315853,-0.010169,9.882358
1754988185351,0.270389,-0.034098,9.829716
1754988185353,0.265603,-0.024526,9.879965
1754988185356,0.344566,0.035294,9.9015
1754988185359,0.263211,0.00658,9.848858
1754988185361,0.258425,-0.022134,9.903893
1754988185363,0.27996,-0.010169,9.875179
1754988185365,0.239282,-0.024526,9.879965
1754988185367,0.258425,-0.031705,9.875179
1754988185370,0.284746,-0.005384,9.829716
1754988185372,0.270389,-0.046062,9.911072
1754988185376,0.299103,0.018544,9.908679
1754988185378,0.291924,-0.010169,9.84168
1754988185380,0.289532,-0.060419,9.839287
1754988185382,0.320638,0.008973,9.844072
1754988185385,0.303888,-0.024526,9.927821
1754988185387,0.265603,-0.019741,9.930214
1754988185389,0.311067,-0.000598,9.803394
1754988185393,0.301496,-0.038883,9.915857
1754988185394,0.327817,-0.031705,9.863214
1754988185397,0.325424,-0.029312,9.872787
1754988185399,0.270389,-0.038883,9.877572
1754988185401,0.263211,0.016152,9.879965
1754988185403,0.260818,-0.050847,9.891929
1754988185406,0.272782,-0.022134,9.877572
1754988185410,0.27996,-0.041276,9.84168
1754988185411,0.284746,-0.050847,9.836894
1754988185413,0.323031,-0.005384,10.028619
1754988185415,0.277567,-0.010169,9.767502
1754988185418,0.27996,-0.05324,9.968799
1754988185420,0.31346,0.004187,9.762716
1754988185423,0.267996,-0.034098,9.97837
1754988185426,0.318245,-0.005384,9.908679
1754988185428,0.315853,0.011366,9.793823
1754988185431,0.258425,-0.019741,9.879965
1754988185432,0.275175,0.011366,9.858429
1754988185435,0.27996,-0.019741,9.959227
1754988185437,0.270389,-0.005384,9.894321
1754988185440,0.272782,-0.026919,9.829716
1754988185443,0.248854,-0.062812,9.915857
1754988185445,0.323031,-0.012562,9.894321
1754988185447,0.289532,-0.010169,9.796216
1754988185449,0.27996,-0.050847,9.877572
1754988185452,0.291924,0.028116,9.858429
1754988185454,0.253639,-0.017348,9.971191
1754988185456,0.29671,-0.026919,9.908679
1754988185459,0.299103,-0.007777,9.767502
1754988185461,0.27996,-0.017348,9.875179
1754988185464,0.301496,0.013759,9.925428
1754988185466,0.311067,-0.002991,9.80818
1754988185468,0.275175,0.001795,9.865608
1754988185471,0.287139,-0.002991,9.853643
1754988185473,0.256032,-0.048455,10.021441
1754988185476,0.289532,-0.026919,9.923036
1754988185478,0.301496,-0.019741,9.769895
1754988185481,0.267996,-0.041276,9.863214
1754988185483,0.33021,0.001795,9.91825
1754988185485,0.291924,-0.034098,9.829716
1754988185488,0.306281,-0.022134,9.844072
1754988185490,0.31346,-0.002991,9.863214
1754988185493,0.265603,-0.034098,9.949656
1754988185495,0.301496,0.00658,9.894321
1754988185498,0.275175,0.001795,9.743574
1754988185499,0.277567,-0.043669,9.920643
1754988185502,0.320638,0.020937,9.937392
1754988185504,0.275175,-0.036491,9.82493
1754988185507,0.270389,-0.041276,9.868001
1754988185509,0.320638,0.030508,9.9015
1754988185512,0.253639,-0.024526,9.906285
1754988185514,0.263211,-0.022134,9.899107
1754988185516,0.289532,0.001795,9.753145
1754988185519,0.258425,-0.072383,9.9015
1754988185521,0.315853,-0.002991,9.939785
1754988185524,0.291924,-0.010169,9.848858
1754988185526,0.272782,-0.034098,9.872787
1754988185528,0.311067,-0.000598,9.88475
1754988185532,0.291924,-0.029312,9.9015
1754988185533,0.33021,-0.005384,9.930214
1754988185536,0.29671,0.001795,9.801002
1754988185538,0.251246,-0.055633,9.896714
1754988185540,0.299103,0.030508,9.889536
1754988185543,0.29671,-0.022134,9.834501
1754988185546,0.289532,-0.029312,9.88475
1754988185548,0.291924,0.052044,9.882358
1754988185550,0.270389,-0.034098,9.9015
1754988185552,0.291924,-0.017348,9.925428
1754988185554,0.318245,0.013759,9.79143
1754988185557,0.246461,-0.026919,9.889536
1754988185559,0.303888,0.00658,9.939785
1754988185563,0.306281,-0.026919,9.844072
1754988185564,0.227318,-0.034098,9.872787
1754988185567,0.289532,0.00658,9.860822
1754988185569,0.267996,-0.026919,9.911072
1754988185571,0.263211,-0.017348,9.915857
1754988185574,0.308674,0.001795,9.844072
1754988185576,0.277567,-0.034098,9.903893
1754988185580,0.272782,0.013759,9.923036
1754988185585,0.291924,-0.024526,9.863214
1754988185586,0.272782,-0.046062,9.872787
1754988185588,0.301496,0.016152,9.832108
1754988185589,0.272782,-0.029312,9.882358
1754988185590,0.299103,-0.010169,9.908679
1754988185593,0.301496,-0.017348,9.832108
1754988185598,0.263211,-0.048455,9.894321
1754988185601,0.306281,0.001795,9.899107
1754988185602,0.294317,-0.050847,9.863214
1754988185604,0.332602,-0.019741,9.911072
1754988185606,0.320638,-0.014955,9.84168
1754988185608,0.277567,-0.022134,9.899107
1754988185610,0.287139,0.016152,9.906285
1754988185613,0.27996,0.018544,9.865608
1754988185616,0.291924,-0.038883,9.889536
1754988185617,0.29671,0.016152,9.868001
1754988185621,0.241675,-0.022134,9.889536
1754988185622,0.31346,-0.012562,9.932607
1754988185624,0.325424,0.004187,9.829716
1754988185626,0.287139,-0.038883,9.863214
1754988185629,0.31346,0.016152,9.889536
1754988185631,0.320638,-0.005384,9.891929
1754988185633,0.299103,-0.019741,9.934999
1754988185636,0.294317,0.020937,9.801002
1754988185638,0.263211,-0.034098,9.887143
1754988185640,0.327817,0.008973,9.863214
1754988185644,0.306281,-0.000598,9.9015
1754988185646,0.267996,-0.000598,9.908679
1754988185648,0.306281,-0.007777,9.836894
1754988185652,0.267996,-0.026919,9.868001
1754988185653,0.29671,0.001795,9.887143
1754988185655,0.267996,-0.017348,9.860822
1754988185657,0.246461,-0.043669,9.9015
1754988185660,0.31346,-0.000598,9.860822
1754988185662,0.31346,-0.036491,9.9015
1754988185665,0.291924,-0.000598,9.868001
1754988185668,0.29671,-0.034098,9.827323
1754988185670,0.291924,-0.038883,9.887143
1754988185672,0.306281,-0.012562,9.860822
1754988185674,0.272782,-0.043669,9.851251
1754988185677,0.291924,0.016152,9.834501
1754988185679,0.253639,-0.031705,9.805787
1754988185682,0.287139,-0.046062,9.934999
1754988185684,0.308674,-0.022134,9.875179
1754988185686,0.265603,-0.022134,9.846465
1754988185689,0.303888,-0.017348,9.879965
1754988185691,0.287139,-0.029312,9.868001
1754988185693,0.258425,0.008973,9.913465
1754988185696,0.277567,-0.012562,9.863214
1754988185699,0.294317,-0.060419,9.930214
1754988185701,0.299103,-0.007777,9.887143
1754988185703,0.263211,-0.010169,9.894321
1754988185705,0.289532,-0.010169,9.899107
1754988185708,0.303888,-0.026919,9.863214
1754988185710,0.306281,-0.017348,9.920643
1754988185713,0.239282,0.016152,9.860822
1754988185716,0.272782,-0.024526,9.827323
1754988185717,0.303888,-0.017348,9.848858
1754988185720,0.299103,0.001795,9.896714
1754988185722,0.31346,0.004187,9.84168
1754988185725,0.294317,-0.041276,9.889536
1754988185727,0.31346,-0.010169,9.820144
1754988185730,0.272782,-0.022134,9.848858
1754988185733,0.267996,-0.024526,9.908679
1754988185735,0.27996,-0.017348,9.882358
1754988185737,0.234497,-0.017348,9.930214
1754988185739,0.260818,0.028116,9.789038
1754988185741,0.256032,-0.029312,9.860822
1754988185744,0.311067,-0.002991,9.868001
1754988185746,0.267996,-0.026919,9.906285
1754988185750,0.299103,-0.005384,9.939785
1754988185751,0.294317,0.016152,9.899107
1754988185753,0.251246,-0.017348,9.930214
1754988185756,0.344566,0.001795,9.729217
1754988185758,0.267996,-0.05324,9.879965
1754988185761,0.289532,0.035294,9.923036
1754988185763,0.27996,-0.034098,9.903893
1754988185767,0.236889,0.013759,9.930214
1754988185768,0.282353,0.001795,9.834501
1754988185770,0.253639,-0.041276,9.932607
1754988185772,0.29671,0.016152,9.745967
1754988185775,0.253639,-0.012562,9.879965
1754988185778,0.311067,0.00658,9.896714
1754988185780,0.27996,-0.012562,9.887143
1754988185784,0.284746,-0.024526,9.925428
1754988185785,0.301496,0.018544,9.853643
1754988185788,0.275175,-0.019741,9.961619
1754988185789,0.318245,0.04008,9.765109
1754988185792,0.260818,-0.048455,9.925428
1754988185794,0.299103,-0.002991,9.875179
1754988185797,0.327817,-0.043669,9.84168
1754988185799,0.277567,0.008973,9.908679
1754988185802,0.27996,0.00658,9.891929
1754988185804,0.272782,-0.026919,9.968799
1754988185807,0.315853,-0.007777,9.803394
1754988185809,0.244068,-0.060419,9.937392
1754988185811,0.294317,0.004187,9.793823
1754988185814,0.299103,-0.072383,9.887143
1754988185816,0.306281,-0.007777,9.91825
1754988185819,0.270389,-0.010169,9.899107
1754988185821,0.277567,-0.017348,9.961619
1754988185823,0.311067,0.011366,9.82493
1754988185825,0.277567,-0.022134,9.954441
1754988185827,0.320638,0.008973,9.789038
1754988185830,0.256032,-0.067597,9.9015
1754988185832,0.267996,0.028116,9.879965
1754988185837,0.265603,-0.017348,9.870394
1754988185837,0.270389,-0.022134,9.894321
1754988185840,0.29671,-0.031705,9.856036
1754988185843,0.251246,-0.050847,9.961619
1754988185844,0.284746,0.004187,9.827323
1754988185847,0.265603,-0.050847,9.97837
1754988185850,0.315853,-0.000598,9.772287
1754988185852,0.222533,-0.043669,9.939785
1754988185855,0.291924,0.028116,9.829716
1754988185856,0.241675,-0.034098,9.863214
1754988185859,0.287139,-0.010169,9.891929
1754988185861,0.301496,-0.024526,9.834501
1754988185864,0.277567,-0.002991,9.949656
1754988185867,0.306281,0.00658,9.801002
1754988185869,0.234497,-0.062812,9.980762
1754988185871,0.332602,0.004187,9.765109
1754988185873,0.277567,-0.031705,9.942178
1754988185875,0.315853,0.028116,9.812965
1754988185878,0.282353,-0.036491,9.887143
1754988185881,0.284746,0.004187,9.891929
1754988185883,0.265603,0.004187,9.858429
1754988185885,0.248854,-0.05324,10.002297
1754988185888,0.294317,0.032901,9.827323
1754988185890,0.244068,-0.055633,9.995119
1754988185892,0.315853,0.018544,9.765109
1754988185895,0.234497,-0.081954,9.934999
1754988185897,0.294317,0.001795,9.815358
1754988185900,0.253639,-0.060419,9.875179
1754988185902,0.265603,-0.022134,9.911072
1754988185904,0.318245,-0.012562,9.832108
1754988185907,0.277567,-0.012562,10.014262
1754988185910,0.325424,-0.002991,9.772287
1754988185911,0.212961,-0.067597,9.964012
1754988185914,0.311067,0.013759,9.757931
1754988185917,0.246461,-0.08674,9.88475
1754988185920,0.33021,0.037687,9.870394
1754988185922,0.306281,-0.000598,9.875179
1754988185923,0.277567,-0.034098,9.980762
1754988185926,0.318245,0.001795,9.789038
1754988185928,0.258425,-0.026919,9.990334
1754988185931,0.308674,0.042473,9.810573
1754988185933,0.260818,-0.06999,9.930214
1754988185936,0.323031,-0.000598,9.882358
1754988185938,0.308674,-0.05324,9.863214
1754988185940,0.27996,-0.036491,9.975977
1754988185943,0.311067,0.011366,9.77468
1754988185945,0.263211,-0.079561,9.903893
1754988185948,0.306281,0.018544,9.839287
1754988185950,0.275175,-0.036491,9.927821
1754988185952,0.294317,-0.005384,9.973584
1754988185955,0.27996,0.044865,9.757931
1754988185957,0.239282,-0.08674,9.882358
1754988185959,0.332602,0.011366,9.887143
1754988185962,0.287139,-0.005384,9.865608
1754988185964,0.294317,-0.043669,9.879965
1754988185967,0.33021,0.025723,9.762716
1754988185969,0.260818,-0.062812,9.930214
1754988185972,0.323031,0.02333,9.961619
1754988185974,0.272782,0.00658,9.750752
1754988185976,0.260818,-0.108275,9.920643
1754988185978,0.315853,0.016152,9.954441
1754988185981,0.277567,-0.029312,9.786645
1754988185983,0.251246,-0.110668,9.908679
1754988185986,0.339781,0.025723,9.889536
1754988185988,0.253639,-0.026919,9.810573
1754988185991,0.282353,-0.06999,9.952048
1754988185993,0.323031,0.047258,9.91825
1754988185995,0.251246,-0.031705,9.74836
1754988185998,0.29671,-0.091525,9.964012
1754988186000,0.363709,0.047258,9.939785
1754988186002,0.229711,-0.041276,9.736395
1754988186005,0.284746,-0.08674,10.023833
1754988186007,0.351745,0.061615,9.9015
1754988186010,0.212961,-0.024526,9.743574
1754988186012,0.275175,-0.079561,9.995119
1754988186015,0.337388,0.028116,9.911072
1754988186017,0.222533,0.025723,9.844072
1754988186019,0.236889,-0.079561,9.832108
1754988186022,0.354138,-0.041276,9.927821
1754988186024,0.258425,0.107079,9.91825
1754988186027,0.20339,-0.05324,9.734002
1754988186029,0.31346,-0.096311,10.026226
1754988186031,0.301496,0.020937,9.827323
1754988186034,0.236889,0.032901,9.863214
1754988186036,0.272782,-0.08674,9.750752
1754988186039,0.354138,-0.06999,10.057333
1754988186042,0.272782,0.119043,9.839287
1754988186043,0.248854,0.018544,9.853643
1754988186045,0.318245,-0.122632,9.803394
1754988186048,0.31346,-0.024526,10.031012
1754988186050,0.222533,0.0999,9.839287
1754988186053,0.251246,-0.000598,9.851251
1754988186056,0.339781,-0.134596,9.793823
1754988186058,0.291924,-0.043669,9.992726
1754988186060,0.244068,0.090329,9.860822
1754988186063,0.29671,0.004187,9.88475
1754988186065,0.287139,-0.115454,9.769895
1754988186067,0.31346,-0.002991,9.990334
1754988186070,0.256032,0.090329,9.88475
1754988186073,0.265603,-0.017348,9.899107
1754988186075,0.299103,-0.132203,9.760324
1754988186077,0.27996,-0.062812,9.939785
1754988186079,0.289532,0.05683,9.966406
1754988186082,0.265603,0.052044,9.856036
1754988186084,0.267996,-0.10349,9.815358
1754988186086,0.282353,-0.081954,9.820144
1754988186090,0.332602,0.04008,10.00469
1754988186091,0.270389,0.064008,9.868001
1754988186094,0.299103,-0.048455,9.84168
1754988186096,0.323031,-0.117847,9.812965
1754988186099,0.282353,-0.034098,9.889536
1754988186101,0.289532,0.073579,10.019048
1754988186104,0.263211,0.042473,9.798609
1754988186109,0.287139,-0.065204,9.860822
1754988186111,0.289532,-0.096311,9.817751
1754988186111,0.311067,0.008973,9.954441
1754988186113,0.260818,0.042473,9.973584
1754988186116,0.301496,-0.005384,9.817751
1754988186117,0.284746,-0.072383,9.846465
1754988186120,0.291924,-0.041276,9.846465
1754988186125,0.31346,0.008973,9.903893
1754988186126,0.287139,0.030508,9.971191
1754988186127,0.277567,0.008973,9.822537
1754988186129,0.277567,-0.05324,9.846465
1754988186132,0.315853,-0.060419,9.887143
1754988186134,0.29671,-0.002991,9.853643
1754988186137,0.258425,0.016152,9.925428
1754988186141,0.263211,0.018544,9.932607
1754988186142,0.265603,-0.043669,9.82493
1754988186147,0.263211,-0.058026,9.851251
1754988186148,0.301496,-0.050847,9.848858
1754988186149,0.315853,0.00658,9.891929
1754988186151,0.303888,0.025723,9.961619
1754988186153,0.27996,0.037687,9.903893
1754988186159,0.265603,-0.034098,9.812965
1754988186160,0.289532,-0.08674,9.834501
1754988186161,0.270389,-0.038883,9.860822
1754988186163,0.267996,0.037687,9.944571
1754988186165,0.282353,0.028116,9.903893
1754988186168,0.275175,-0.012562,9.853643
1754988186170,0.289532,-0.055633,9.836894
1754988186173,0.31346,-0.05324,9.9015
1754988186176,0.308674,-0.010169,9.911072
1754988186177,0.267996,0.001795,9.853643
1754988186180,0.277567,-0.017348,9.851251
1754988186182,0.282353,-0.022134,9.860822
1754988186185,0.301496,-0.019741,9.887143
1754988186187,0.289532,-0.014955,9.913465
1754988186189,0.301496,-0.024526,9.856036
1754988186192,0.306281,-0.046062,9.856036
1754988186194,0.294317,-0.010169,9.896714
1754988186196,0.267996,-0.014955,9.882358
1754988186199,0.308674,-0.031705,9.870394
1754988186201,0.289532,-0.014955,9.882358
1754988186204,0.287139,-0.017348,9.877572
1754988186206,0.291924,-0.014955,9.894321
1754988186209,0.287139,0.008973,9.879965
1754988186211,0.301496,0.00658,9.865608
1754988186213,0.308674,-0.029312,9.872787
1754988186216,0.270389,0.004187,9.894321
1754988186219,0.270389,-0.002991,9.887143
1754988186221,0.272782,0.013759,9.848858
1754988186223,0.308674,-0.026919,9.875179
1754988186226,0.311067,-0.024526,9.896714
1754988186228,0.260818,-0.034098,9.896714
1754988186230,0.263211,-0.012562,9.894321
1754988186233,0.289532,-0.034098,9.88475
1754988186235,0.289532,-0.014955,9.863214
1754988186237,0.27996,-0.017348,9.889536
1754988186240,0.291924,-0.017348,9.875179
1754988186243,0.301496,-0.024526,9.882358
1754988186245,0.315853,-0.017348,9.88475
1754988186247,0.267996,-0.014955,9.870394
1754988186250,0.294317,0.004187,9.891929
1754988186252,0.272782,-0.017348,9.889536
1754988186255,0.29671,0.00658,9.860822
1754988186257,0.282353,-0.034098,9.879965
1754988186259,0.29671,-0.010169,9.872787
1754988186263,0.303888,0.00658,9.863214
1754988186264,0.299103,-0.000598,9.894321
1754988186267,0.311067,-0.002991,9.858429
1754988186268,0.303888,-0.017348,9.84168
1754988186271,0.284746,-0.012562,9.858429
1754988186273,0.325424,-0.024526,9.889536
1754988186277,0.289532,-0.017348,9.91825
1754988186278,0.275175,-0.017348,9.877572
1754988186281,0.275175,0.013759,9.82493
1754988186283,0.301496,-0.014955,9.913465
1754988186285,0.315853,-0.041276,9.899107
1754988186287,0.27996,-0.010169,9.851251
1754988186290,0.272782,-0.022134,9.877572
1754988186294,0.277567,-0.014955,9.903893
1754988186295,0.265603,-0.002991,9.88475
1754988186297,0.291924,-0.043669,9.848858
1754988186300,0.299103,-0.034098,9.870394
1754988186302,0.275175,-0.007777,9.872787
1754988186304,0.267996,0.011366,9.896714
1754988186307,0.270389,0.004187,9.875179
1754988186310,0.287139,-0.012562,9.865608
1754988186312,0.260818,-0.012562,9.894321
1754988186314,0.27996,0.016152,9.870394
1754988186317,0.287139,-0.017348,9.906285
1754988186319,0.265603,-0.022134,9.868001
1754988186321,0.277567,-0.034098,9.908679
1754988186323,0.29671,-0.002991,9.939785
1754988186326,0.224925,-0.014955,9.798609
1754988186329,0.275175,-0.065204,9.91825
1754988186331,0.306281,0.05683,9.925428
1754988186333,0.251246,-0.041276,9.712467
1754988186335,0.29671,-0.041276,10.031012
1754988186338,0.332602,0.02333,9.844072
1754988186340,0.277567,0.008973,9.784252
1754988186343,0.258425,-0.062812,9.966406
1754988186346,0.308674,0.052044,9.911072
1754988186348,0.265603,-0.010169,9.717253
1754988186350,0.267996,-0.055633,9.911072
1754988186352,0.323031,0.018544,9.925428
1754988186355,0.263211,-0.029312,9.853643
1754988186357,0.251246,-0.05324,9.863214
1754988186360,0.323031,-0.000598,9.836894
1754988186363,0.27996,-0.036491,9.944571
1754988186365,0.294317,0.008973,9.944571
1754988186368,0.291924,-0.012562,9.722038
1754988186370,0.267996,-0.029312,9.858429
1754988186372,0.315853,0.00658,9.949656
1754988186374,0.284746,-0.017348,9.964012
1754988186376,0.284746,0.00658,9.9015
1754988186379,0.287139,0.016152,9.71486
1754988186381,0.291924,-0.046062,9.882358
1754988186383,0.339781,0.00658,9.961619
1754988186386,0.289532,-0.026919,9.88475
1754988186389,0.27996,-0.007777,9.887143
1754988186391,0.282353,0.004187,9.942178
1754988186393,0.256032,-0.038883,9.911072
1754988186395,0.275175,-0.019741,9.736395
1754988186398,0.270389,-0.038883,9.879965
1754988186400,0.29671,-0.007777,9.925428
1754988186403,0.282353,-0.017348,9.839287
1754988186405,0.241675,-0.000598,9.920643
1754988186407,0.308674,-0.014955,9.906285
1754988186410,0.256032,-0.048455,9.906285
1754988186413,0.284746,-0.014955,9.860822
1754988186415,0.291924,0.001795,9.939785
1754988186417,0.289532,0.008973,9.765109
1754988186419,0.303888,-0.012562,9.889536
1754988186422,0.289532,-0.048455,9.923036
1754988186424,0.27996,-0.038883,9.815358
1754988186427,0.272782,-0.036491,9.939785
1754988186430,0.311067,-0.000598,9.889536
1754988186432,0.287139,-0.048455,9.879965
1754988186435,0.325424,-0.010169,9.899107
1754988186438,0.272782,-0.014955,9.908679
1754988186439,0.277567,-0.000598,9.74836
1754988186441,0.263211,-0.038883,9.956834
1754988186444,0.270389,0.04008,9.915857
1754988186447,0.291924,0.018544,9.915857
1754988186449,0.299103,0.001795,9.872787
1754988186451,0.289532,0.00658,9.820144
1754988186454,0.267996,-0.026919,9.887143
1754988186455,0.27996,-0.017348,9.822537
1754988186458,0.311067,-0.05324,9.925428
1754988186460,0.294317,-0.014955,9.923036
1754988186464,0.29671,-0.010169,9.812965
1754988186466,0.258425,-0.024526,9.868001
1754988186468,0.29671,-0.019741,9.947263
1754988186470,0.311067,-0.005384,9.877572
1754988186472,0.287139,-0.010169,9.860822
1754988186475,0.294317,0.02333,9.882358
1754988186477,0.306281,0.008973,9.88475
1754988186481,0.284746,-0.022134,9.894321
1754988186482,0.323031,-0.012562,9.870394
1754988186486,0.272782,-0.046062,9.848858
1754988186487,0.275175,-0.05324,9.908679
1754988186489,0.284746,-0.005384,9.934999
1754988186491,0.272782,-0.007777,9.868001
1754988186494,0.277567,-0.041276,9.863214
1754988186496,0.315853,-0.000598,9.863214
1754988186499,0.294317,-0.017348,9.894321
1754988186501,0.291924,0.018544,9.899107
1754988186503,0.270389,-0.026919,9.865608
1754988186506,0.27996,-0.005384,9.934999
1754988186508,0.294317,-0.012562,9.911072
1754988186511,0.294317,0.001795,9.858429
1754988186513,0.291924,-0.041276,9.860822
1754988186516,0.284746,-0.019741,9.88475
1754988186518,0.301496,-0.014955,9.903893
1754988186520,0.263211,-0.014955,9.9015
1754988186523,0.267996,-0.017348,9.891929
1754988186525,0.282353,-0.029312,9.848858
1754988186527,0.289532,-0.046062,9.877572
1754988186530,0.272782,-0.000598,9.923036
1754988186533,0.267996,-0.000598,9.870394
1754988186535,0.282353,-0.019741,9.875179
1754988186537,0.282353,-0.026919,9.856036
1754988186539,0.270389,-0.000598,9.882358
1754988186542,0.332602,-0.002991,9.882358
1754988186544,0.31346,-0.000598,9.877572
1754988186546,0.287139,-0.002991,9.877572
1754988186549,0.29671,-0.005384,9.868001
1754988186552,0.325424,0.001795,9.882358
1754988186553,0.270389,-0.022134,9.872787
1754988186556,0.277567,-0.022134,9.906285
1754988186558,0.267996,-0.024526,9.889536
1754988186561,0.256032,-0.019741,9.868001
1754988186563,0.267996,-0.000598,9.872787
1754988186566,0.277567,-0.026919,9.863214
1754988186569,0.260818,-0.010169,9.899107
1754988186571,0.251246,-0.002991,9.877572
1754988186573,0.258425,-0.007777,9.870394
1754988186575,0.287139,-0.000598,9.870394
1754988186577,0.284746,-0.014955,9.903893
1754988186580,0.299103,-0.000598,9.872787
1754988186583,0.306281,-0.017348,9.865608
1754988186587,0.320638,0.008973,9.868001
1754988186588,0.267996,0.008973,9.872787
1754988186590,0.256032,-0.041276,9.88475
1754988186592,0.303888,-0.050847,9.863214
1754988186594,0.270389,-0.012562,9.889536
1754988186597,0.289532,-0.010169,9.879965
1754988186602,0.277567,-0.041276,9.875179
1754988186603,0.282353,-0.010169,9.851251
1754988186604,0.284746,-0.007777,9.882358
1754988186606,0.277567,-0.019741,9.872787
1754988186608,0.303888,-0.000598,9.882358
1754988186611,0.299103,-0.017348,9.868001
1754988186613,0.265603,-0.019741,9.879965
1754988186617,0.27996,-0.014955,9.889536
1754988186618,0.277567,0.004187,9.870394
1754988186621,0.27996,-0.036491,9.870394
1754988186623,0.291924,-0.048455,9.872787
1754988186625,0.299103,-0.041276,9.879965
1754988186628,0.294317,-0.007777,9.863214
1754988186630,0.239282,-0.014955,9.872787
1754988186635,0.294317,-0.017348,9.877572
1754988186636,0.291924,-0.022134,9.872787
1754988186637,0.299103,-0.036491,9.891929
1754988186640,0.27996,0.001795,9.903893
1754988186645,0.246461,-0.019741,9.74836
1754988186646,0.318245,-0.046062,9.868001
1754988186647,0.284746,-0.050847,10.019048
1754988186651,0.215354,0.008973,9.784252
1754988186652,0.29671,-0.031705,9.925428
1754988186654,0.323031,-0.010169,9.846465
1754988186656,0.361316,-0.022134,9.939785
1754988186659,0.289532,-0.022134,9.793823
1754988186661,0.363709,-0.081954,9.829716
1754988186664,0.368495,-0.026919,10.026226
1754988186666,0.299103,-0.002991,9.968799
1754988186669,0.256032,0.020937,10.016655
1754988186671,0.217747,0.013759,9.903893
1754988186674,0.258425,0.008973,9.860822
1754988186676,0.27996,-0.000598,9.805787
1754988186678,0.294317,-0.024526,9.836894
1754988186681,0.260818,-0.022134,9.870394
1754988186683,0.260818,-0.005384,9.846465
1754988186686,0.224925,-0.012562,9.851251
1754988186688,0.265603,-0.026919,9.84168
1754988186690,0.306281,0.001795,9.863214
1754988186693,0.299103,-0.012562,9.851251
1754988186695,0.287139,-0.007777,9.88475
1754988186697,0.284746,-0.024526,9.891929
1754988186700,0.29671,-0.031705,9.863214
1754988186703,0.29671,-0.022134,9.896714
1754988186705,0.306281,0.011366,9.927821
1754988186707,0.284746,-0.014955,9.908679
1754988186709,0.282353,-0.029312,9.863214
1754988186711,0.260818,-0.024526,9.879965
1754988186714,0.306281,-0.029312,9.875179
1754988186717,0.306281,-0.005384,9.894321
1754988186719,0.272782,0.004187,9.889536
1754988186722,0.267996,0.016152,9.88475
1754988186724,0.306281,-0.019741,9.911072
1754988186726,0.29671,-0.012562,9.872787
1754988186728,0.287139,-0.019741,9.88475
1754988186731,0.301496,-0.034098,9.870394
1754988186733,0.301496,-0.012562,9.868001
1754988186737,0.27996,-0.017348,9.899107
1754988186738,0.320638,-0.005384,9.863214
1754988186741,0.29671,-0.036491,9.870394
1754988186743,0.267996,-0.019741,9.870394
1754988186745,0.275175,-0.005384,9.887143
1754988186748,0.308674,-0.005384,9.877572
1754988186750,0.291924,-0.026919,9.863214
1754988186753,0.289532,-0.007777,9.877572
1754988186756,0.289532,-0.012562,9.875179
1754988186757,0.29671,0.004187,9.9015
1754988186759,0.270389,-0.002991,9.887143
1754988186762,0.253639,-0.026919,9.903893
1754988186765,0.270389,0.00658,9.879965
1754988186767,0.29671,-0.014955,9.894321
1754988186770,0.287139,-0.041276,9.875179
1754988186772,0.287139,-0.019741,9.863214
1754988186774,0.265603,0.008973,9.887143
1754988186776,0.291924,-0.005384,9.875179
1754988186779,0.256032,-0.019741,9.879965
1754988186781,0.275175,-0.038883,9.889536
1754988186784,0.27996,-0.014955,9.882358
1754988186787,0.284746,-0.007777,9.891929
1754988186788,0.275175,-0.014955,9.877572
1754988186791,0.270389,-0.026919,9.887143
1754988186793,0.272782,-0.034098,9.858429
1754988186796,0.287139,-0.017348,9.872787
1754988186798,0.299103,-0.022134,9.879965
1754988186801,0.303888,-0.017348,9.875179
1754988186804,0.265603,-0.046062,9.9015
1754988186806,0.29671,-0.012562,9.889536
1754988186808,0.291924,-0.029312,9.896714
1754988186810,0.282353,-0.010169,9.896714
1754988186812,0.31346,-0.010169,9.894321
1754988186815,0.277567,-0.029312,9.877572
1754988186817,0.267996,-0.029312,9.870394
1754988186821,0.306281,-0.012562,9.889536
1754988186822,0.265603,-0.034098,9.872787
1754988186824,0.303888,-0.019741,9.906285
1754988186827,0.277567,-0.029312,9.877572
1754988186829,0.27996,-0.012562,9.9015
1754988186831,0.291924,-0.022134,9.894321
1754988186834,0.270389,-0.034098,9.891929
1754988186838,0.299103,-0.019741,9.879965
1754988186839,0.31346,-0.014955,9.860822
1754988186841,0.299103,-0.007777,9.889536
1754988186843,0.270389,-0.010169,9.879965
1754988186846,0.246461,0.001795,9.870394
1754988186848,0.303888,-0.024526,9.896714
1754988186851,0.31346,0.00658,9.858429
1754988186853,0.299103,-0.012562,9.887143
1754988186855,0.289532,0.008973,9.870394
1754988186858,0.27996,0.016152,9.851251
1754988186860,0.29671,-0.002991,9.872787
1754988186863,0.284746,-0.017348,9.908679
1754988186865,0.303888,-0.026919,9.865608
1754988186867,0.287139,-0.019741,9.848858
1754988186870,0.294317,-0.019741,9.872787
1754988186872,0.284746,-0.000598,9.896714
1754988186876,0.284746,-0.017348,9.872787
1754988186877,0.284746,-0.007777,9.872787
1754988186879,0.299103,-0.012562,9.879965
1754988186882,0.299103,-0.017348,9.899107
1754988186884,0.311067,0.001795,9.879965
1754988186887,0.270389,-0.005384,9.894321
1754988186889,0.282353,-0.036491,9.894321
1754988186891,0.308674,-0.034098,9.88475
1754988186894,0.284746,-0.014955,9.882358
1754988186896,0.31346,-0.046062,9.863214
1754988186899,0.291924,-0.043669,9.872787
1754988186901,0.289532,0.001795,9.863214
1754988186904,0.315853,-0.007777,9.887143
1754988186906,0.282353,-0.012562,9.88475
1754988186909,0.277567,-0.036491,9.887143
1754988186910,0.284746,0.001795,9.88475
1754988186913,0.282353,-0.014955,9.872787
1754988186915,0.294317,-0.022134,9.879965
1754988186918,0.27996,-0.022134,9.877572
1754988186920,0.299103,-0.029312,9.88475
1754988186923,0.301496,0.00658,9.891929
1754988186926,0.301496,0.028116,9.879965
1754988186927,0.306281,-0.000598,9.870394
1754988186930,0.294317,-0.010169,9.879965
1754988186932,0.291924,-0.005384,9.863214
1754988186934,0.294317,-0.043669,9.896714
1754988186938,0.299103,-0.026919,9.903893
1754988186940,0.291924,-0.014955,9.894321
1754988186942,0.272782,0.001795,9.88475
1754988186944,0.277567,-0.026919,9.875179
1754988186947,0.263211,0.004187,9.877572
1754988186949,0.306281,-0.036491,9.882358
1754988186951,0.301496,-0.029312,9.903893
1754988186954,0.289532,-0.048455,9.882358
1754988186957,0.31346,-0.019741,9.872787
1754988186959,0.308674,-0.014955,9.865608
1754988186961,0.260818,-0.024526,9.88475
1754988186963,0.289532,-0.022134,9.865608
1754988186966,0.258425,0.00658,9.896714
1754988186968,0.284746,-0.017348,9.894321
1754988186971,0.327817,-0.012562,9.894321
1754988186975,0.311067,-0.022134,9.891929
1754988186976,0.282353,0.011366,9.868001
1754988186978,0.272782,-0.022134,9.887143
1754988186980,0.287139,-0.000598,9.896714
1754988186982,0.301496,-0.022134,9.882358
1754988186985,0.303888,-0.014955,9.872787
1754988186988,0.315853,-0.022134,9.875179
1754988186991,0.299103,-0.017348,9.894321
1754988186992,0.284746,-0.048455,9.908679
1754988186995,0.318245,-0.024526,9.891929
1754988186997,0.282353,-0.007777,9.860822
1754988186999,0.251246,-0.036491,9.875179
1754988187001,0.284746,-0.010169,9.870394
1754988187004,0.308674,-0.005384,9.865608
1754988187008,0.291924,0.00658,9.879965
1754988187009,0.270389,-0.005384,9.868001
1754988187011,0.294317,-0.038883,9.889536
1754988187013,0.284746,-0.012562,9.908679
1754988187016,0.306281,-0.024526,9.872787
1754988187018,0.267996,-0.031705,9.868001
1754988187021,0.284746,-0.017348,9.872787
1754988187023,0.306281,-0.017348,9.858429
1754988187027,0.275175,-0.000598,9.889536
1754988187028,0.318245,-0.043669,9.882358
1754988187030,0.289532,-0.026919,9.887143
1754988187033,0.287139,-0.022134,9.870394
1754988187035,0.277567,-0.002991,9.889536
1754988187038,0.282353,-0.005384,9.88475
1754988187042,0.287139,-0.043669,9.879965
1754988187043,0.303888,-0.024526,9.887143
1754988187045,0.256032,-0.010169,9.856036
1754988187047,0.299103,-0.055633,9.88475
1754988187050,0.287139,-0.002991,9.88475
1754988187052,0.270389,0.011366,9.863214
1754988187054,0.248854,-0.014955,9.851251
1754988187057,0.287139,-0.024526,9.877572
1754988187059,0.291924,0.001795,9.887143
1754988187062,0.289532,-0.010169,9.882358
1754988187064,0.29671,-0.022134,9.882358
1754988187067,0.318245,-0.005384,9.889536
1754988187069,0.315853,-0.041276,9.877572
1754988187071,0.299103,-0.007777,9.865608
1754988187073,0.251246,0.011366,9.882358
1754988187076,0.287139,0.008973,9.879965
1754988187079,0.270389,-0.026919,9.891929
1754988187081,0.301496,-0.014955,9.882358
1754988187083,0.289532,0.018544,9.88475
1754988187085,0.291924,0.004187,9.877572
1754988187088,0.284746,0.001795,9.9015
1754988187090,0.277567,-0.024526,9.875179
1754988187093,0.291924,-0.017348,9.856036
1754988187095,0.253639,-0.043669,9.879965
1754988187097,0.256032,-0.058026,9.899107
1754988187100,0.294317,-0.012562,9.879965
1754988187102,0.272782,-0.007777,9.875179
1754988187105,0.291924,-0.024526,9.877572
1754988187107,0.29671,-0.000598,9.875179
1754988187110,0.33021,-0.017348,9.887143
1754988187112,0.311067,-0.019741,9.875179
1754988187114,0.282353,-0.036491,9.891929
1754988187117,0.27996,-0.036491,9.879965
1754988187119,0.301496,-0.022134,9.891929
1754988187122,0.301496,0.004187,9.891929
1754988187124,0.287139,-0.014955,9.88475
1754988187127,0.315853,-0.014955,9.875179
1754988187130,0.284746,0.00658,9.88475
1754988187131,0.27996,-0.007777,9.872787
1754988187133,0.303888,0.013759,9.894321
1754988187136,0.31346,-0.014955,9.872787
1754988187138,0.282353,-0.002991,9.870394
1754988187141,0.275175,-0.010169,9.889536
1754988187148,0.31346,0.004187,9.870394
1754988187149,0.277567,-0.012562,9.870394
1754988187150,0.320638,-0.007777,9.848858
1754988187150,0.287139,-0.002991,9.88475
1754988187153,0.308674,0.025723,9.877572
1754988187155,0.306281,-0.007777,9.870394
1754988187157,0.303888,-0.019741,9.858429
1754988187160,0.260818,-0.005384,9.870394
1754988187163,0.277567,-0.005384,9.903893
1754988187165,0.294317,-0.007777,9.894321
1754988187167,0.267996,-0.014955,9.882358
1754988187169,0.306281,-0.007777,9.872787
1754988187172,0.265603,-0.002991,9.9015
1754988187174,0.284746,0.018544,9.887143
1754988187178,0.248854,0.001795,9.877572
1754988187179,0.27996,-0.012562,9.887143
1754988187182,0.33021,0.004187,9.872787
1754988187184,0.303888,-0.012562,9.887143
1754988187186,0.265603,-0.010169,9.887143
1754988187189,0.29671,-0.007777,9.891929
1754988187191,0.301496,-0.017348,9.877572
1754988187193,0.29671,0.004187,9.877572
1754988187196,0.29671,-0.031705,9.877572
1754988187198,0.301496,-0.031705,9.872787
1754988187200,0.29671,-0.022134,9.875179
1754988187203,0.267996,-0.031705,9.891929
1754988187205,0.248854,-0.014955,9.911072
1754988187208,0.308674,-0.041276,9.870394
1754988187210,0.287139,-0.017348,9.915857
1754988187213,0.294317,-0.012562,9.894321
1754988187215,0.320638,-0.002991,9.889536
1754988187217,0.306281,-0.017348,9.877572
1754988187219,0.282353,-0.024526,9.870394
1754988187222,0.275175,-0.019741,9.896714
1754988187224,0.272782,-0.022134,9.853643
1754988187227,0.277567,-0.024526,9.891929
1754988187229,0.291924,-0.026919,9.870394
1754988187231,0.272782,-0.000598,9.865608
1754988187234,0.282353,-0.000598,9.865608
1754988187236,0.294317,0.004187,9.870394
1754988187239,0.287139,-0.034098,9.877572
1754988187241,0.260818,-0.010169,9.877572
1754988187244,0.27996,-0.007777,9.879965
1754988187246,0.311067,-0.017348,9.877572
1754988187250,0.311067,-0.026919,9.879965
1754988187251,0.265603,-0.026919,9.84168
1754988187253,0.267996,-0.031705,9.88475
1754988187256,0.272782,-0.029312,9.868001
1754988187258,0.27996,-0.014955,9.894321
1754988187261,0.253639,-0.014955,9.9015
1754988187263,0.282353,-0.012562,9.868001
1754988187265,0.29671,-0.034098,9.879965
1754988187268,0.256032,-0.017348,9.891929
1754988187270,0.282353,-0.012562,9.9015
1754988187273,0.248854,-0.019741,9.891929
1754988187275,0.277567,-0.007777,9.877572
1754988187277,0.294317,-0.029312,9.875179
1754988187280,0.287139,-0.017348,9.891929
1754988187283,0.27996,-0.002991,9.865608
1754988187285,0.267996,-0.012562,9.877572
1754988187287,0.282353,-0.038883,9.9015
1754988187289,0.301496,-0.024526,9.879965
1754988187291,0.27996,-0.048455,9.872787
1754988187294,0.311067,-0.041276,9.863214
1754988187297,0.275175,-0.029312,9.896714
