1755069049181,-0.16769,0.198853,9.328634
1755069049183,-0.160747,0.194026,9.323635
1755069049184,-0.163917,0.179747,9.319717
1755069049185,-0.169471,0.181519,9.328259
1755069049186,-0.184871,0.191124,9.328403
1755069049187,-0.190243,0.207501,9.334599
1755069049188,-0.182639,0.209359,9.337301
1755069049190,-0.173991,0.197694,9.338278
1755069049191,-0.173972,0.192743,9.340422
1755069049192,-0.186853,0.210048,9.340201
1755069049193,-0.184603,0.199533,9.328643
1755069049195,-0.175687,0.175313,9.328106
1755069049197,-0.166205,0.181816,9.327906
1755069049198,-0.159157,0.172076,9.336534
1755069049199,-0.16021,0.174671,9.339502
1755069049200,-0.154014,0.183089,9.337492
1755069049201,-0.153143,0.181394,9.333643
1755069049202,-0.16181,0.185713,9.346504
1755069049202,-0.16498,0.196679,9.340096
1755069049203,-0.17741,0.207491,9.337895
1755069049203,-0.174451,0.209224,9.338766
1755069049204,-0.16926,0.204695,9.334706
1755069049204,-0.178636,0.202712,9.343506
1755069049205,-0.178569,0.20051,9.338336
1755069049206,-0.18217,0.183463,9.338622
1755069049206,-0.184248,0.191335,9.339244
1755069049206,-0.172737,0.199878,9.338909
1755069049207,-0.160095,0.196602,9.337436
1755069049207,-0.173015,0.18285,9.335079
1755069049207,-0.180513,0.185761,9.333048
1755069049208,-0.188874,0.191967,9.329935
1755069049208,-0.1772,0.195309,9.349951
1755069049208,-0.16815,0.19349,9.353408
1755069049209,-0.166799,0.193346,9.344541
1755069049209,-0.184919,0.200711,9.333268
1755069049209,-0.184162,0.196104,9.330359
1755069049210,-0.171664,0.189132,9.326373
1755069049210,-0.171501,0.183942,9.32849
1755069049210,-0.175696,0.169241,9.325953
1755069049211,-0.180456,0.187964,9.329822
1755069049211,-0.180063,0.187667,9.333097
1755069049211,-0.180705,0.191086,9.337588
1755069049212,-0.183338,0.196823,9.345153
1755069049212,-0.180963,0.184823,9.343047
1755069049212,-0.175907,0.191479,9.338363
1755069049213,-0.171262,0.186843,9.342271
1755069049213,-0.17107,0.185541,9.33077
1755069049213,-0.175763,0.179757,9.326708
1755069049214,-0.184986,0.186671,9.338315
1755069049214,-0.179469,0.189372,9.336773
1755069049214,-0.163984,0.183329,9.330136
1755069049215,-0.166215,0.189592,9.328345
1755069049215,-0.169567,0.183501,9.326028
1755069049215,-0.169998,0.189477,9.328221
1755069049216,-0.178493,0.191833,9.330568
1755069049216,-0.181911,0.197033,9.329735
1755069049217,-0.178109,0.188414,9.328241
1755069049217,-0.175409,0.189793,9.338679
1755069049217,-0.173896,0.186307,9.336534
1755069049218,-0.175007,0.190885,9.338449
1755069049221,-0.171243,0.192465,9.326736
1755069049221,-0.166129,0.189937,9.326316
1755069049223,-0.164587,0.202751,9.329313
1755069049226,-0.170726,0.215823,9.335663
1755069049227,-0.183836,0.203526,9.33663
1755069049229,-0.183779,0.188357,9.339608
1755069049231,-0.185838,0.207213,9.333681
1755069049233,-0.184612,0.208564,9.325827
1755069049236,-0.18171,0.207414,9.33414
1755069049237,-0.185943,0.203095,9.339532
1755069049239,-0.180331,0.191153,9.338919
1755069049241,-0.170065,0.187907,9.335835
1755069049243,-0.174643,0.189439,9.333756
1755069049245,-0.172478,0.194026,9.340182
1755069049247,-0.178311,0.200385,9.348515
1755069049249,-0.185579,0.200404,9.335873
1755069049251,-0.185857,0.205662,9.33119
1755069049253,-0.183875,0.215641,9.328336
1755069049255,-0.175208,0.208813,9.327704
1755069049257,-0.177075,0.195673,9.328547
1755069049259,-0.176395,0.185397,9.32534
1755069049261,-0.165688,0.186346,9.329754
1755069049263,-0.156188,0.184076,9.330041
1755069049265,-0.1514,0.183492,9.331755
1755069049267,-0.164127,0.18851,9.332723
1755069049269,-0.173273,0.189717,9.328433
1755069049271,-0.185943,0.184009,9.324286
1755069049273,-0.189602,0.177094,9.326181
1755069049275,-0.186547,0.182065,9.329945
1755069049277,-0.181002,0.192676,9.330473
1755069049279,-0.17426,0.190837,9.334467
1755069049281,-0.173024,0.196439,9.334476
1755069049283,-0.17854,0.199265,9.336142
1755069049286,-0.175466,0.187112,9.338554
1755069049287,-0.176146,0.18489,9.342195
1755069049289,-0.182879,0.184555,9.331287
1755069049291,-0.182773,0.184219,9.321786
1755069049293,-0.184229,0.188835,9.324438
1755069049295,-0.190923,0.199849,9.335711
1755069049297,-0.181212,0.200347,9.333777
1755069049299,-0.176299,0.200787,9.327379
1755069049301,-0.181107,0.200826,9.327551
1755069049303,-0.18353,0.190942,9.322437
1755069049305,-0.163725,0.179316,9.329333
1755069049307,-0.161264,0.181844,9.337338
1755069049309,-0.165401,0.18512,9.337118
1755069049311,-0.16067,0.182946,9.341188
1755069049313,-0.159866,0.185024,9.336438
1755069049315,-0.171157,0.189496,9.338258
1755069049318,-0.163581,0.193748,9.325224
1755069049319,-0.163007,0.185158,9.320637
1755069049321,-0.161484,0.186001,9.315714
1755069049323,-0.162183,0.186413,9.327714
1755069049325,-0.171377,0.18986,9.331621
1755069049327,-0.179785,0.192743,9.331114
1755069049329,-0.179019,0.195242,9.326306
1755069049331,-0.181902,0.205882,9.32553
1755069049333,-0.180341,0.200615,9.337012
1755069049335,-0.174643,0.19484,9.339272
1755069049338,-0.174145,0.188328,9.335528
1755069049340,-0.166981,0.180484,9.326632
1755069049341,-0.166301,0.179287,9.330404
1755069049343,-0.175275,0.185033,9.331353
1755069049345,-0.172948,0.188136,9.325923
1755069049347,-0.171166,0.189477,9.32487
1755069049349,-0.177238,0.181375,9.33145
1755069049351,-0.176366,0.194984,9.339705
1755069049353,-0.149484,0.193107,9.330874
1755069049355,-0.1575,0.200299,9.331114
1755069049357,-0.162633,0.189113,9.331248
1755069049359,-0.167067,0.185752,9.334007
1755069049361,-0.164386,0.181423,9.333288
1755069049363,-0.174164,0.179536,9.331017
1755069049365,-0.176386,0.178119,9.322504
1755069049367,-0.172708,0.181672,9.327972
1755069049369,-0.178818,0.191565,9.334408
1755069049372,-0.169979,0.189391,9.336343
1755069049373,-0.1747,0.192542,9.329265
1755069049375,-0.162049,0.203287,9.332435
1755069049378,-0.154445,0.193643,9.336199
1755069049380,-0.163218,0.193413,9.330559
1755069049381,-0.168322,0.18895,9.326756
1755069049384,-0.171636,0.190061,9.332627
1755069049385,-0.178004,0.196832,9.320053
1755069049387,-0.167939,0.198307,9.319717
1755069049390,-0.177094,0.191316,9.322274
1755069049391,-0.164644,0.186527,9.331678
1755069049393,-0.164673,0.18353,9.331459
1755069049395,-0.167115,0.195041,9.327608
1755069049397,-0.170515,0.192829,9.328682
1755069049400,-0.172986,0.192637,9.332521
1755069049401,-0.17402,0.19189,9.33345
1755069049403,-0.175246,0.199351,9.328202
1755069049405,-0.163323,0.200893,9.333422
1755069049407,-0.159732,0.203421,9.325214
1755069049409,-0.171214,0.202051,9.324325
1755069049411,-0.16564,0.209177,9.333393
1755069049413,-0.180944,0.209914,9.333489
1755069049415,-0.173015,0.198498,9.329246
1755069049418,-0.164884,0.196813,9.332808
1755069049419,-0.16249,0.194811,9.332109
1755069049421,-0.159387,0.183358,9.32849
1755069049423,-0.161264,0.181145,9.329754
1755069049425,-0.151428,0.176395,9.332569
1755069049428,-0.159205,0.171712,9.331228
1755069049429,-0.164826,0.176932,9.333699
1755069049431,-0.1695,0.19235,9.326392
1755069049433,-0.162691,0.202214,9.322973
1755069049435,-0.161101,0.200232,9.330788
1755069049437,-0.158812,0.196325,9.339933
1755069049440,-0.165257,0.197129,9.329524
1755069049442,-0.163581,0.190301,9.330003
1755069049443,-0.174327,0.191833,9.327321
1755069049445,-0.180197,0.197292,9.322867
1755069049447,-0.185646,0.199954,9.335031
1755069049449,-0.163897,0.186604,9.33481
1755069049451,-0.15502,0.193126,9.331181
1755069049453,-0.161111,0.194055,9.325914
1755069049455,-0.171674,0.193988,9.319124
1755069049457,-0.190349,0.195367,9.315907
1755069049459,-0.187523,0.197991,9.319085
1755069049461,-0.192092,0.200759,9.313731
1755069049463,-0.182544,0.194878,9.309431
1755069049465,-0.186566,0.183472,9.325904
1755069049467,-0.18218,0.18444,9.32694
1755069049469,-0.177717,0.17607,9.340395
1755069049471,-0.18782,0.187284,9.346657
1755069049473,-0.201678,0.2023,9.33597
1755069049475,-0.191115,0.198795,9.323768
1755069049477,-0.179517,0.190818,9.314536
1755069049480,-0.186135,0.19055,9.310955
1755069049481,-0.18059,0.199418,9.321307
1755069049483,-0.178617,0.199925,9.320818
1755069049485,-0.170209,0.188558,9.318597
1755069049487,-0.16475,0.180197,9.316845
1755069049489,-0.161513,0.18285,9.318597
1755069049492,-0.160699,0.191574,9.324467
1755069049493,-0.157596,0.191105,9.327744
1755069049495,-0.161513,0.180456,9.317112
1755069049497,-0.172488,0.18036,9.319018
1755069049499,-0.172967,0.17742,9.326105
1755069049501,-0.172076,0.170553,9.329669
1755069049503,-0.178349,0.166598,9.32714
1755069049505,-0.183501,0.185809,9.33142
1755069049508,-0.182697,0.185407,9.329659
1755069049509,-0.183846,0.188242,9.344924
1755069049511,-0.167652,0.188577,9.335597
1755069049513,-0.16248,0.194945,9.336763
1755069049515,-0.169318,0.200835,9.342625
1755069049517,-0.177334,0.195712,9.339742
1755069049519,-0.179565,0.197167,9.339312
1755069049521,-0.180944,0.188079,9.338096
1755069049523,-0.174193,0.208928,9.337291
1755069049525,-0.171195,0.215469,9.33483
1755069049527,-0.167968,0.207395,9.328049
1755069049529,-0.168983,0.200893,9.333469
1755069049531,-0.167355,0.200519,9.338871
1755069049533,-0.166991,0.19507,9.332282
1755069049535,-0.158678,0.198709,9.338258
1755069049537,-0.160728,0.198106,9.343296
1755069049539,-0.170256,0.188778,9.340405
1755069049543,-0.173934,0.189841,9.334685
1755069049544,-0.178703,0.191412,9.331276
1755069049545,-0.190636,0.19077,9.332512
1755069049547,-0.191067,0.192446,9.326584
1755069049549,-0.180666,0.190693,9.321834
1755069049551,-0.177611,0.190444,9.323835
1755069049553,-0.187485,0.19394,9.331402
1755069049555,-0.178023,0.190492,9.33798
1755069049557,-0.181576,0.197301,9.339129
1755069049560,-0.172201,0.197483,9.336332
1755069049562,-0.175131,0.194993,9.332033
1755069049563,-0.18534,0.180149,9.329754
1755069049565,-0.181184,0.183788,9.325128
1755069049567,-0.17764,0.194965,9.329466
1755069049570,-0.179996,0.201745,9.324467
1755069049571,-0.181251,0.204628,9.317275
1755069049573,-0.183367,0.206974,9.324276
1755069049576,-0.176223,0.205422,9.329802
1755069049577,-0.174011,0.200797,9.329811
1755069049579,-0.173599,0.192676,9.331402
1755069049581,-0.162432,0.189219,9.329669
1755069049583,-0.163352,0.181998,9.336601
1755069049585,-0.158487,0.170486,9.329993
1755069049587,-0.152281,0.17198,9.32667
1755069049589,-0.157452,0.180389,9.33187
1755069049591,-0.14778,0.193595,9.334599
1755069049593,-0.153832,0.197292,9.333881
1755069049595,-0.167336,0.193806,9.329715
1755069049597,-0.177573,0.193586,9.327082
1755069049599,-0.177678,0.200557,9.328319
1755069049601,-0.164386,0.206045,9.335873
1755069049603,-0.156859,0.204541,9.337166
1755069049605,-0.160239,0.19665,9.329725
1755069049607,-0.156447,0.195348,9.324926
1755069049610,-0.16249,0.19507,9.328442
1755069049611,-0.166866,0.183942,9.331391
1755069049613,-0.173848,0.172143,9.334284
1755069049615,-0.173254,0.175955,9.343325
1755069049617,-0.172699,0.183731,9.334494
1755069049619,-0.170285,0.193289,9.333978
1755069049621,-0.173225,0.18126,9.34476
1755069049623,-0.174834,0.177094,9.349348
1755069049625,-0.161005,0.183003,9.347108
1755069049627,-0.162863,0.19189,9.333193
1755069049629,-0.15523,0.187772,9.328202
1755069049631,-0.16248,0.183856,9.33462
1755069049633,-0.163074,0.180963,9.334917
1755069049635,-0.162739,0.179584,9.336313
1755069049637,-0.167872,0.185685,9.337511
1755069049639,-0.168399,0.200184,9.329591
1755069049641,-0.168389,0.200826,9.332732
1755069049643,-0.17062,0.194294,9.329638
1755069049646,-0.177717,0.195166,9.325713
1755069049647,-0.180647,0.190301,9.324926
1755069049649,-0.184966,0.199312,9.332694
1755069049651,-0.177908,0.205375,9.332033
1755069049653,-0.170841,0.206323,9.33393
1755069049655,-0.166359,0.19734,9.325367
1755069049657,-0.164032,0.179201,9.323739
1755069049659,-0.166148,0.189774,9.324726
1755069049661,-0.162691,0.190444,9.325214
1755069049664,-0.16702,0.19212,9.319085
1755069049665,-0.148871,0.193614,9.318109
1755069049667,-0.154014,0.19938,9.3235
1755069049669,-0.164865,0.188558,9.323337
1755069049671,-0.163218,0.186796,9.323663
1755069049673,-0.16497,0.189764,9.322016
1755069049675,-0.179862,0.189343,9.327819
1755069049678,-0.179584,0.184286,9.332062
1755069049679,-0.173934,0.182821,9.33507
1755069049681,-0.181758,0.183856,9.340307
1755069049683,-0.180887,0.177631,9.340405
1755069049685,-0.18805,0.183252,9.339618
1755069049687,-0.191948,0.183185,9.328539
1755069049689,-0.184047,0.187485,9.326086
1755069049691,-0.17107,0.188357,9.328873
1755069049693,-0.164568,0.181308,9.328547
1755069049695,-0.163696,0.192714,9.330511
1755069049697,-0.161216,0.18648,9.332483
1755069049699,-0.174872,0.174327,9.334561
1755069049701,-0.180034,0.178272,9.334312
1755069049703,-0.177066,0.174662,9.334179
1755069049705,-0.177755,0.18467,9.329849
1755069049707,-0.178799,0.193902,9.33187
1755069049709,-0.179948,0.197905,9.336802
1755069049712,-0.16904,0.187897,9.338881
1755069049713,-0.166579,0.190224,9.339149
1755069049716,-0.170994,0.194189,9.342855
1755069049717,-0.177362,0.193787,9.338392
1755069049719,-0.175265,0.194447,9.330598
1755069049721,-0.157385,0.210891,9.331477
1755069049723,-0.164434,0.204963,9.327762
1755069049725,-0.190827,0.201247,9.326736
1755069049727,-0.187897,0.184995,9.319162
1755069049730,-0.165449,0.188108,9.323107
1755069049732,-0.16362,0.18806,9.328451
1755069049733,-0.163045,0.188213,9.32625
1755069049736,-0.166885,0.18285,9.322993
1755069049737,-0.181184,0.182907,9.323241
1755069049739,-0.186834,0.178962,9.323864
1755069049741,-0.181366,0.177276,9.325923
1755069049743,-0.179536,0.183539,9.328987
1755069049746,-0.186278,0.184938,9.333097
1755069049747,-0.170343,0.185838,9.328825
1755069049750,-0.161637,0.187801,9.334629
1755069049752,-0.160488,0.188395,9.321892
1755069049753,-0.152501,0.186346,9.324937
1755069049755,-0.158075,0.179613,9.331948
1755069049758,-0.172315,0.172967,9.329638
1755069049759,-0.171511,0.182754,9.334111
1755069049761,-0.160957,0.186767,9.335624
1755069049763,-0.16271,0.181883,9.32625
1755069049765,-0.164913,0.183051,9.329064
1755069049767,-0.180149,0.181816,9.332943
1755069049769,-0.181643,0.180858,9.332655
1755069049771,-0.165679,0.184871,9.325253
1755069049773,-0.165602,0.184133,9.328194
1755069049775,-0.164003,0.17924,9.330165
1755069049777,-0.163189,0.178655,9.333048
1755069049779,-0.158678,0.17607,9.336659
1755069049781,-0.174087,0.174786,9.34524
1755069049783,-0.17697,0.195348,9.34475
1755069049785,-0.178167,0.207865,9.342597
1755069049787,-0.170994,0.203105,9.334533
1755069049789,-0.162815,0.188165,9.334273
1755069049791,-0.167508,0.176443,9.334782
1755069049793,-0.165621,0.187648,9.336287
1755069049795,-0.161149,0.189774,9.33348
1755069049797,-0.176405,0.184717,9.339732
1755069049799,-0.183166,0.190358,9.330415
1755069049801,-0.181002,0.199954,9.324314
1755069049803,-0.180657,0.198221,9.323864
1755069049805,-0.181107,0.189008,9.328748
1755069049807,-0.176012,0.184392,9.331123
1755069049809,-0.174001,0.18533,9.329093
1755069049811,-0.181308,0.189238,9.327771
1755069049813,-0.184191,0.186413,9.337445
1755069049815,-0.170017,0.186413,9.334207
1755069049817,-0.165047,0.192532,9.334121
1755069049819,-0.16994,0.185742,9.323203
1755069049821,-0.170084,0.177564,9.325089
1755069049823,-0.163332,0.182591,9.332157
1755069049825,-0.16883,0.197397,9.32326
1755069049827,-0.167441,0.201486,9.317677
1755069049829,-0.177899,0.204877,9.316375
1755069049831,-0.180264,0.199245,9.32918
1755069049834,-0.172699,0.197397,9.329093
1755069049835,-0.161446,0.196171,9.321728
1755069049838,-0.157481,0.194677,9.323472
1755069049839,-0.156763,0.196937,9.317736
1755069049841,-0.147435,0.192532,9.319861
1755069049843,-0.156724,0.192685,9.327665
1755069049845,-0.166311,0.191613,9.323932
1755069049848,-0.172842,0.196171,9.318654
1755069049849,-0.179144,0.194725,9.321872
1755069049851,-0.175016,0.193327,9.327044
1755069049853,-0.164759,0.201362,9.336343
1755069049855,-0.167977,0.208008,9.328939
1755069049857,-0.179268,0.201161,9.326746
1755069049859,-0.191383,0.200347,9.320024
1755069049861,-0.185771,0.193135,9.325894
1755069049863,-0.178789,0.194486,9.336142
1755069049865,-0.189573,0.188567,9.339321
1755069049867,-0.186231,0.191249,9.333019
1755069049869,-0.176999,0.18082,9.329984
1755069049871,-0.166617,0.177123,9.334034
1755069049873,-0.167795,0.184679,9.330031
1755069049875,-0.164989,0.192906,9.338057
1755069049878,-0.166771,0.202004,9.336716
1755069049879,-0.170486,0.204752,9.329294
1755069049882,-0.180063,0.198211,9.327044
1755069049883,-0.187409,0.202291,9.331201
1755069049885,-0.189554,0.193471,9.32915
1755069049887,-0.182936,0.183664,9.332972
1755069049889,-0.180111,0.189707,9.335807
1755069049891,-0.17855,0.18737,9.329935
1755069049893,-0.171157,0.194534,9.324037
1755069049895,-0.173838,0.183444,9.33437
1755069049897,-0.170726,0.194457,9.328202
1755069049899,-0.164271,0.19801,9.337358
1755069049901,-0.170362,0.188127,9.331477
1755069049903,-0.166771,0.180398,9.332493
1755069049905,-0.177918,0.184047,9.326
1755069049907,-0.18013,0.182582,9.325665
1755069049909,-0.16972,0.174346,9.325464
1755069049911,-0.175888,0.175936,9.329735
1755069049913,-0.165075,0.177362,9.321019
1755069049916,-0.157481,0.172785,9.323271
1755069049917,-0.172986,0.166512,9.323298
1755069049919,-0.173465,0.167268,9.331841
1755069049921,-0.169778,0.178167,9.336209
1755069049923,-0.1609,0.185541,9.332713
1755069049925,-0.174537,0.191325,9.331593
1755069049927,-0.173637,0.185464,9.326957
1755069049929,-0.167412,0.181289,9.330809
1755069049931,-0.164807,0.185215,9.325444
1755069049933,-0.157998,0.194974,9.327925
1755069049935,-0.169155,0.180331,9.339512
1755069049937,-0.175543,0.190636,9.331708
1755069049939,-0.16837,0.194419,9.328356
1755069049941,-0.171406,0.190559,9.331631
1755069049943,-0.177372,0.197378,9.327906
1755069049945,-0.177142,0.191115,9.332664
1755069049947,-0.177841,0.192484,9.342721
1755069049950,-0.17718,0.195798,9.344444
1755069049951,-0.175275,0.187562,9.341535
1755069049953,-0.179805,0.189171,9.33843
1755069049956,-0.177209,0.18986,9.34025
1755069049957,-0.17969,0.196401,9.337722
1755069049959,-0.181825,0.197426,9.336756
1755069049961,-0.168983,0.198345,9.337387
1755069049963,-0.155154,0.194543,9.336419
1755069049965,-0.155652,0.195855,9.337397
1755069049968,-0.15004,0.198613,9.330003
1755069049970,-0.15819,0.198958,9.32439
1755069049971,-0.166713,0.188654,9.325751
1755069049974,-0.161245,0.184564,9.348448
1755069049975,-0.172239,0.194055,9.305103
1755069049978,-0.180168,0.196095,9.355075
1755069049979,-0.17335,0.194754,9.336553
1755069049981,-0.17923,0.204819,9.316815
1755069049984,-0.177113,0.197052,9.353954
1755069049985,-0.172488,0.197263,9.354777
1755069049987,-0.167901,0.194476,9.304883
1755069049989,-0.159492,0.193116,9.332694
1755069049991,-0.162605,0.192992,9.309519
1755069049993,-0.160354,0.185484,9.351992
1755069049995,-0.177353,0.174374,9.288056
1755069049997,-0.178914,0.173503,9.325722
1755069049999,-0.179,0.183616,9.323442
1755069050001,-0.171032,0.180925,9.365245
1755069050003,-0.156638,0.192465,9.270962
1755069050005,-0.160823,0.184277,9.348927
1755069050007,-0.164415,0.192704,9.320933
1755069050009,-0.162978,0.19372,9.36176
1755069050011,-0.171549,0.197311,9.322841
1755069050013,-0.171827,0.190732,9.380243
1755069050015,-0.171865,0.20073,9.331353
1755069050018,-0.174882,0.191335,9.329802
1755069050022,-0.175131,0.193049,9.277761
1755069050023,-0.173493,0.189554,9.359404
1755069050024,-0.180082,0.191278,9.317419
1755069050025,-0.176912,0.188941,9.339628
1755069050027,-0.168743,0.195673,9.315217
1755069050029,-0.168868,0.181346,9.339694
1755069050031,-0.159023,0.183415,9.30858
1755069050033,-0.16204,0.19031,9.361722
1755069050035,-0.1704,0.207233,9.312124
1755069050037,-0.175821,0.200203,9.357019
1755069050039,-0.17741,0.203478,9.308952
1755069050041,-0.181825,0.188797,9.357403
1755069050043,-0.186968,0.185646,9.310781
1755069050045,-0.181844,0.169854,9.358293
1755069050047,-0.174566,0.184612,9.296551
1755069050049,-0.173829,0.163371,9.35859
1755069050052,-0.166043,0.186259,9.277732
1755069050053,-0.167383,0.1729,9.375637
1755069050055,-0.170036,0.187954,9.269669
1755069050058,-0.180398,0.182275,9.335873
1755069050059,-0.16747,0.189113,9.321623
1755069050061,-0.176673,0.198288,9.347289
1755069050063,-0.167498,0.209426,9.323088
1755069050065,-0.168992,0.201017,9.344637
1755069050067,-0.161101,0.206572,9.32328
1755069050069,-0.175265,0.205183,9.331027
1755069050071,-0.164826,0.197675,9.325674
1755069050073,-0.165104,0.195894,9.325359
1755069050075,-0.16882,0.197914,9.342109
1755069050077,-0.174097,0.208813,9.31514
1755069050079,-0.171482,0.20661,9.338038
1755069050081,-0.181978,0.208755,9.324601
1755069050083,-0.17018,0.192628,9.341102
1755069050086,-0.164788,0.200921,9.318702
1755069050087,-0.173053,0.202952,9.356359
1755069050089,-0.182611,0.212069,9.323271
1755069050091,-0.174767,0.203162,9.349339
1755069050093,-0.176692,0.208956,9.327465
1755069050095,-0.166809,0.197838,9.35859
1755069050098,-0.169452,0.199121,9.333201
1755069050100,-0.158467,0.190856,9.348419
1755069050102,-0.172871,0.212126,9.332713
1755069050104,-0.169586,0.194668,9.328844
1755069050105,-0.164003,0.195156,9.314899
1755069050107,-0.168619,0.19506,9.331958
1755069050109,-0.170975,0.200146,9.314259
1755069050111,-0.165114,0.188117,9.339369
1755069050114,-0.166665,0.194361,9.329399
1755069050115,-0.165516,0.20775,9.338172
1755069050117,-0.180322,0.210412,9.340365
1755069050120,-0.177937,0.194151,9.325377
1755069050122,-0.175677,0.188433,9.338421
1755069050123,-0.173503,0.175725,9.345929
1755069050125,-0.171597,0.181203,9.33303
1755069050127,-0.182764,0.181911,9.341849
1755069050129,-0.190847,0.186422,9.335367
1755069050131,-0.183128,0.182524,9.314374
1755069050134,-0.169385,0.18443,9.321135
1755069050135,-0.169098,0.179192,9.321748
1755069050137,-0.17379,0.18828,9.324171
1755069050139,-0.177746,0.191431,9.321701
1755069050142,-0.175217,0.187025,9.333518
1755069050143,-0.169969,0.174748,9.326622
1755069050145,-0.167948,0.188194,9.325367
1755069050147,-0.169509,0.202818,9.329437
1755069050149,-0.173321,0.201898,9.334245
1755069050151,-0.175399,0.200759,9.363063
1755069050154,-0.174834,0.202272,9.367908
1755069050155,-0.178033,0.207022,9.37622
1755069050157,-0.18195,0.198968,9.377657
1755069050159,-0.181586,0.201793,9.357891
1755069050161,-0.180197,0.186202,9.364431
1755069050163,-0.180484,0.178971,9.325827
1755069050165,-0.194294,0.174537,9.34432
1755069050167,-0.172766,0.189333,9.315945
1755069050169,-0.17923,0.18534,9.34342
1755069050172,-0.174767,0.191096,9.328939
1755069050173,-0.167125,0.187284,9.351005
1755069050175,-0.172622,0.200854,9.326277
1755069050177,-0.187476,0.190377,9.339493
1755069050179,-0.188912,0.18828,9.329735
1755069050181,-0.188797,0.197445,9.34546
1755069050183,-0.178464,0.203383,9.323291
1755069050185,-0.162787,0.201228,9.328873
1755069050188,-0.169931,0.2014,9.314527
1755069050189,-0.173924,0.195137,9.319698
1755069050191,-0.173513,0.192159,9.31216
1755069050193,-0.175782,0.186374,9.312286
1755069050195,-0.163419,0.18896,9.29658
1755069050197,-0.159032,0.191795,9.305209
1755069050199,-0.175246,0.189525,9.305161
1755069050201,-0.175045,0.211274,9.315006
1755069050203,-0.193049,0.208487,9.301197
1755069050206,-0.180341,0.20933,9.30902
1755069050207,-0.176031,0.205748,9.307133
1755069050210,-0.172114,0.204063,9.319746
1755069050211,-0.178665,0.203861,9.330951
1755069050213,-0.177908,0.197263,9.345536
1755069050215,-0.17833,0.193815,9.357124
1755069050217,-0.178052,0.189142,9.360686
1755069050219,-0.171808,0.176797,9.358934
1755069050222,-0.169835,0.187859,9.359002
1755069050224,-0.198767,0.190722,9.34071
1755069050225,-0.197924,0.192187,9.358944
1755069050227,-0.179642,0.194333,9.339705
1755069050229,-0.179307,0.194486,9.373118
1755069050231,-0.174106,0.203651,9.312727
1755069050233,-0.182208,0.199351,9.344511
1755069050235,-0.17605,0.210326,9.319976
1755069050237,-0.183377,0.20819,9.339072
1755069050240,-0.166761,0.198747,9.325866
1755069050242,-0.173637,0.198317,9.322417
1755069050244,-0.16588,0.198853,9.316365
1755069050245,-0.183329,0.195721,9.318262
1755069050247,-0.173378,0.194064,9.313387
1755069050249,-0.172507,0.203172,9.310025
1755069050251,-0.170716,0.194151,9.311577
1755069050253,-0.170869,0.19213,9.317304
1755069050256,-0.180839,0.179249,9.314164
1755069050258,-0.178071,0.190358,9.302173
1755069050259,-0.189927,0.179402,9.318941
1755069050261,-0.182065,0.184966,9.310667
1755069050263,-0.182103,0.179383,9.34319
1755069050265,-0.169136,0.186939,9.319228
1755069050267,-0.175974,0.180044,9.368856
1755069050269,-0.169289,0.189535,9.301743
1755069050271,-0.177985,0.195185,9.357516
1755069050274,-0.181385,0.184938,9.315149
1755069050275,-0.180408,0.200347,9.337799
1755069050277,-0.183923,0.196344,9.366088
1755069050279,-0.175983,0.203182,9.287367
1755069050281,-0.161388,0.190732,9.379169
1755069050283,-0.16294,0.190674,9.313924
1755069050285,-0.158534,0.181672,9.326344
1755069050287,-0.157548,0.197378,9.351398
1755069050290,-0.164127,0.197713,9.328125
1755069050291,-0.160431,0.185148,9.326
1755069050293,-0.169931,0.180484,9.353055
1755069050295,-0.181509,0.186183,9.318529
1755069050297,-0.181864,0.189046,9.312601
1755069050299,-0.177765,0.186231,9.322456
1755069050301,-0.168753,0.187447,9.342222
1755069050303,-0.169605,0.193356,9.321854
1755069050305,-0.17245,0.186633,9.322677
1755069050307,-0.165344,0.18239,9.322294
1755069050309,-0.162815,0.179757,9.324171
1755069050311,-0.167594,0.195491,9.325062
1755069050313,-0.164711,0.198527,9.318865
1755069050315,-0.167096,0.200088,9.32643
1755069050317,-0.16995,0.209129,9.319391
1755069050319,-0.176165,0.208305,9.330136
1755069050321,-0.168571,0.202195,9.329074
1755069050324,-0.163926,0.195731,9.318654
1755069050326,-0.169366,0.192752,9.322753
1755069050327,-0.160335,0.18375,9.335251
1755069050329,-0.156246,0.187466,9.361568
1755069050331,-0.154081,0.187753,9.330835
1755069050333,-0.164146,0.187265,9.31582
1755069050335,-0.163495,0.201975,9.33209
1755069050337,-0.154608,0.196449,9.318118
1755069050339,-0.161446,0.205739,9.299481
1755069050341,-0.154043,0.211628,9.314297
1755069050343,-0.16928,0.204925,9.323835
1755069050345,-0.178684,0.203162,9.313426
1755069050347,-0.177621,0.207711,9.35698
1755069050349,-0.174413,0.197148,9.330299
1755069050351,-0.15704,0.199638,9.355411
1755069050353,-0.154014,0.210029,9.348007
1755069050355,-0.16474,0.208602,9.353312
1755069050359,-0.165056,0.203632,9.336411
1755069050360,-0.167364,0.185733,9.347145
1755069050361,-0.17922,0.172124,9.346129
1755069050363,-0.170381,0.166387,9.348947
1755069050365,-0.166713,0.166713,9.335633
1755069050367,-0.173685,0.173915,9.342635
1755069050369,-0.176472,0.189602,9.327953
1755069050371,-0.17222,0.18783,9.33077
1755069050373,-0.170802,0.192819,9.327426
1755069050376,-0.182831,0.201362,9.323691
1755069050377,-0.185838,0.208056,9.320177
1755069050380,-0.170984,0.204321,9.314317
1755069050381,-0.171655,0.205652,9.318186
1755069050383,-0.183013,0.204867,9.316174
1755069050385,-0.180829,0.195472,9.322408
1755069050387,-0.168686,0.192733,9.323452
1755069050389,-0.169433,0.191038,9.320714
1755069050392,-0.166847,0.19191,9.321737
1755069050393,-0.16655,0.182658,9.324065
1755069050395,-0.161283,0.172737,9.331755
1755069050397,-0.162202,0.185177,9.324736
1755069050399,-0.16883,0.19801,9.326909
1755069050401,-0.177056,0.193959,9.326833
1755069050403,-0.173043,0.201678,9.332627
1755069050405,-0.174164,0.20049,9.344934
1755069050407,-0.16928,0.189286,9.348927
1755069050409,-0.160488,0.194744,9.336563
1755069050411,-0.168312,0.188136,9.330712
1755069050413,-0.159684,0.189448,9.333718
1755069050415,-0.161522,0.193327,9.322342
1755069050417,-0.170247,0.211226,9.315954
1755069050419,-0.171961,0.201123,9.317495
1755069050421,-0.165487,0.180628,9.319803
1755069050423,-0.17629,0.176529,9.320992
1755069050426,-0.16995,0.189755,9.334428
1755069050427,-0.159799,0.199715,9.327465
1755069050429,-0.170295,0.194658,9.323864
1755069050431,-0.167881,0.192657,9.331564
1755069050433,-0.162432,0.189822,9.322638
1755069050435,-0.175505,0.195166,9.323376
1755069050437,-0.178368,0.201257,9.346657
1755069050439,-0.166081,0.211274,9.32626
1755069050441,-0.171808,0.203823,9.341811
1755069050443,-0.169893,0.201132,9.345709
1755069050445,-0.172028,0.198795,9.338939
1755069050447,-0.184555,0.207453,9.3176
1755069050449,-0.18262,0.196478,9.32554
1755069050451,-0.169538,0.188395,9.328049
1755069050453,-0.167996,0.189851,9.324764
1755069050455,-0.16815,0.188816,9.324457
1755069050457,-0.179728,0.19506,9.3158
1755069050462,-0.181528,0.205806,9.368886
1755069050463,-0.182601,0.201515,9.32394
1755069050464,-0.175169,0.195424,9.327216
1755069050465,-0.176012,0.189879,9.317763
1755069050467,-0.171521,0.197119,9.331612
1755069050469,-0.171731,0.207558,9.322342
1755069050471,-0.171817,0.207271,9.310073
1755069050473,-0.165899,0.197771,9.326489
1755069050475,-0.164376,0.194304,9.339312
1755069050478,-0.173072,0.190904,9.329342
1755069050482,-0.178425,0.198996,9.332684
1755069050483,-0.178311,0.205825,9.329208
1755069050484,-0.171971,0.20028,9.337913
1755069050486,-0.172335,0.192331,9.337367
1755069050487,-0.178512,0.191814,9.327752
1755069050489,-0.184507,0.196679,9.325482
1755069050491,-0.181212,0.190234,9.35337
1755069050493,-0.18194,0.189343,9.347327
1755069050495,-0.185982,0.195271,9.320102
1755069050498,-0.168389,0.189094,9.344157
1755069050500,-0.174595,0.190396,9.330673
1755069050501,-0.166838,0.1937,9.324888
1755069050503,-0.174518,0.191622,9.336524
1755069050505,-0.173695,0.188357,9.324861
1755069050507,-0.169816,0.192226,9.33345
1755069050509,-0.169615,0.184871,9.332043
1755069050511,-0.175447,0.177343,9.322456
1755069050513,-0.17537,0.183156,9.319402
1755069050515,-0.174193,0.184804,9.331017
1755069050517,-0.167738,0.176319,9.334503
1755069050520,-0.164223,0.18148,9.333318
1755069050521,-0.164874,0.169691,9.33232
1755069050523,-0.171281,0.164874,9.326421
1755069050525,-0.166703,0.172134,9.331573
1755069050528,-0.162911,0.178502,9.339561
1755069050530,-0.164673,0.187112,9.349769
1755069050531,-0.16678,0.186039,9.336822
1755069050533,-0.176443,0.182074,9.337338
1755069050535,-0.18216,0.181318,9.354059
1755069050537,-0.183195,0.179393,9.352987
1755069050539,-0.174719,0.181691,9.34026
1755069050541,-0.169854,0.183358,9.325809
1755069050543,-0.176232,0.201113,9.344167
1755069050545,-0.171051,0.205317,9.331832
1755069050547,-0.172459,0.202061,9.293544
1755069050549,-0.160392,0.197282,9.333756
1755069050551,-0.154014,0.197321,9.372515
1755069050553,-0.161168,0.197704,9.358944
1755069050555,-0.154962,0.192839,9.349875
1755069050557,-0.168379,0.185704,9.35743
1755069050559,-0.163696,0.184555,9.347558
1755069050561,-0.177449,0.174087,9.359319
1755069050563,-0.167192,0.179163,9.345153
1755069050565,-0.176568,0.173972,9.35453
1755069050567,-0.177583,0.178694,9.308771
1755069050569,-0.168485,0.187198,9.329495
1755069050571,-0.165382,0.185982,9.267543
1755069050573,-0.164951,0.197215,9.29294
1755069050575,-0.164443,0.202071,9.290844
1755069050577,-0.168025,0.205231,9.282914
1755069050580,-0.173034,0.187916,9.35453
1755069050582,-0.180465,0.191709,9.282588
1755069050584,-0.183358,0.193566,9.37735
1755069050585,-0.181184,0.187476,9.373319
1755069050587,-0.170151,0.195194,9.33824
1755069050589,-0.156705,0.19257,9.426652
1755069050591,-0.160622,0.191709,9.305151
1755069050593,-0.163811,0.184919,9.333498
1755069050596,-0.164989,0.18126,9.303322
1755069050598,-0.16632,0.192072,9.255123
1755069050599,-0.163409,0.190425,9.327226
1755069050601,-0.177477,0.187935,9.343717
1755069050603,-0.169414,0.190282,9.336592
1755069050605,-0.174556,0.170122,9.412987
1755069050607,-0.176721,0.186891,9.288142
1755069050609,-0.170142,0.186968,9.36335
1755069050611,-0.171157,0.189496,9.313205
1755069050613,-0.173302,0.202377,9.251904
1755069050615,-0.168686,0.19824,9.33821
1755069050617,-0.170161,0.189314,9.345968
1755069050619,-0.175696,0.185005,9.299242
1755069050621,-0.169031,0.171319,9.413628
1755069050623,-0.165985,0.174173,9.37283
1755069050625,-0.157136,0.190942,9.297403
1755069050627,-0.156159,0.204992,9.375685
1755069050630,-0.160756,0.208267,9.292538
1755069050632,-0.168178,0.197684,9.265455
1755069050633,-0.166091,0.180111,9.391131
1755069050635,-0.156705,0.182783,9.298371
1755069050638,-0.156112,0.188127,9.31084
1755069050639,-0.164348,0.178512,9.420781
1755069050641,-0.161254,0.185321,9.30132
1755069050643,-0.158218,0.189381,9.338756
1755069050645,-0.16814,0.193021,9.329887
1755069050647,-0.175782,0.187763,9.285039
1755069050649,-0.167393,0.184382,9.350708
1755069050651,-0.178703,0.187447,9.341801
1755069050653,-0.182668,0.197847,9.320341
1755069050655,-0.186633,0.180168,9.368886
1755069050658,-0.187274,0.18285,9.340298
1755069050659,-0.175428,0.194725,9.344511
1755069050661,-0.182496,0.200634,9.349463
1755069050663,-0.18399,0.195089,9.29139
1755069050666,-0.179929,0.190339,9.304825
1755069050667,-0.182572,0.187265,9.346313
1755069050669,-0.176031,0.206351,9.32984
1755069050672,-0.171214,0.197119,9.378107
1755069050673,-0.176242,0.187658,9.348649
1755069050675,-0.176328,0.19281,9.292088
1755069050677,-0.180944,0.192446,9.369516
1755069050679,-0.178445,0.204302,9.276009
1755069050682,-0.178665,0.18331,9.342826
1755069050683,-0.17041,0.186614,9.34297
1755069050685,-0.170965,0.197292,9.316959
1755069050687,-0.172766,0.20457,9.302182
1755069050689,-0.174796,0.197876,9.321507
1755069050691,-0.183645,0.186221,9.34186
1755069050693,-0.179038,0.179738,9.350114
1755069050695,-0.164558,0.184306,9.33526
1755069050698,-0.162739,0.175639,9.348256
1755069050700,-0.155527,0.183539,9.303467
1755069050702,-0.157989,0.188424,9.357316
1755069050703,-0.161973,0.195884,9.310341
1755069050705,-0.172057,0.183128,9.378356
1755069050707,-0.181643,0.182563,9.327945
1755069050709,-0.175102,0.185311,9.342691
1755069050712,-0.184028,0.195616,9.321364
1755069050713,-0.189343,0.200443,9.331017
1755069050717,-0.183923,0.211887,9.323749
1755069050719,-0.176012,0.209636,9.336899
1755069050720,-0.175323,0.213802,9.316854
1755069050721,-0.163677,0.204915,9.326708
1755069050723,-0.161015,0.20209,9.312352
1755069050725,-0.150691,0.200155,9.319267
1755069050727,-0.160775,0.199121,9.321012
1755069050729,-0.169739,0.191201,9.332149
1755069050731,-0.168446,0.195376,9.333384
1755069050734,-0.165142,0.182773,9.314574
1755069050735,-0.16882,0.18217,9.341801
1755069050737,-0.172066,0.186058,9.318875
1755069050739,-0.162796,0.184162,9.339886
1755069050741,-0.155939,0.195223,9.325597
1755069050743,-0.164568,0.193595,9.34705
1755069050745,-0.163878,0.184813,9.319717
1755069050747,-0.166349,0.182917,9.348649
1755069050750,-0.175897,0.191096,9.318396
1755069050751,-0.17606,0.188203,9.352261
1755069050753,-0.168686,0.189898,9.316499
1755069050755,-0.157012,0.188864,9.352481
1755069050758,-0.163524,0.195099,9.319592
1755069050759,-0.163467,0.204963,9.331353
1755069050761,-0.168418,0.202406,9.339868
1755069050763,-0.182084,0.204235,9.335367
1755069050765,-0.183453,0.193241,9.335357
1755069050767,-0.187179,0.19031,9.330453
1755069050770,-0.194074,0.180619,9.331162
1755069050771,-0.191029,0.182611,9.328221
1755069050773,-0.177334,0.186623,9.313645
1755069050775,-0.17017,0.186949,9.32802
1755069050777,-0.163112,0.198202,9.317275
1755069050779,-0.150863,0.206897,9.331544
1755069050781,-0.150825,0.203373,9.317007
1755069050783,-0.152836,0.18397,9.342788
1755069050785,-0.159234,0.181394,9.314019
1755069050787,-0.169069,0.186116,9.342195
1755069050789,-0.171138,0.192839,9.315848
1755069050791,-0.181203,0.188175,9.333738
1755069050793,-0.180226,0.197234,9.328384
1755069050795,-0.179086,0.198192,9.34477
1755069050797,-0.186029,0.206323,9.305851
1755069050799,-0.174681,0.194888,9.349051
1755069050802,-0.171559,0.193605,9.309039
1755069050803,-0.153459,0.198987,9.333787
1755069050805,-0.141861,0.198479,9.314775
1755069050807,-0.135981,0.198862,9.327695
1755069050809,-0.159722,0.192475,9.319746
1755069050811,-0.164932,0.181184,9.343584
1755069050813,-0.161254,0.180322,9.331861
1755069050815,-0.159894,0.181145,9.349808
1755069050818,-0.149456,0.181289,9.333268
1755069050822,-0.146745,0.17946,9.337664
1755069050823,-0.166024,0.195894,9.311885
1755069050823,-0.160593,0.191986,9.336773
1755069050825,-0.159827,0.18648,9.340078
1755069050827,-0.16225,0.182994,9.340031
1755069050829,-0.166483,0.18941,9.339502
1755069050831,-0.178598,0.187552,9.325885
1755069050833,-0.188251,0.192561,9.347702
1755069050836,-0.176548,0.199983,9.331631
1755069050837,-0.170601,0.188548,9.335164
1755069050839,-0.172019,0.179939,9.34002
1755069050841,-0.165755,0.190377,9.350412
1755069050843,-0.163917,0.200395,9.334341
1755069050845,-0.166665,0.19054,9.333528
1755069050847,-0.171626,0.181624,9.313014
1755069050849,-0.173062,0.180906,9.343488
1755069050851,-0.177851,0.189592,9.32872
1755069050853,-0.185656,0.188031,9.3328
1755069050855,-0.19032,0.189831,9.327809
1755069050857,-0.179919,0.179402,9.318318
1755069050859,-0.178694,0.190416,9.327629
1755069050861,-0.181117,0.193174,9.318099
1755069050863,-0.183903,0.194189,9.339952
1755069050865,-0.18195,0.192139,9.319908
1755069050867,-0.175667,0.190454,9.33596
1755069050869,-0.173695,0.19484,9.339521
1755069050871,-0.178789,0.194246,9.326746
1755069050873,-0.174212,0.193394,9.335807
1755069050875,-0.17537,0.19665,9.321001
1755069050877,-0.176989,0.183846,9.341505
1755069050879,-0.18105,0.186729,9.33235
1755069050881,-0.182429,0.186882,9.336093
1755069050883,-0.184966,0.195262,9.334743
1755069050886,-0.17968,0.193911,9.328499
1755069050887,-0.195712,0.207845,9.330932
1755069050889,-0.185503,0.210843,9.317629
1755069050891,-0.17356,0.181672,9.335624
1755069050893,-0.174145,0.18467,9.32872
1755069050895,-0.176424,0.193241,9.335979
1755069050898,-0.178282,0.206227,9.333747
1755069050899,-0.185541,0.222795,9.313588
1755069050901,-0.174451,0.222326,9.328155
1755069050905,-0.167403,0.205729,9.31466
1755069050907,-0.170285,0.183444,9.335357
1755069050908,-0.1738,0.189803,9.331248
1755069050910,-0.170362,0.193959,9.317869
1755069050911,-0.176635,0.189477,9.3142
1755069050913,-0.165621,0.191804,9.340192
1755069050915,-0.164079,0.188577,9.336756
1755069050917,-0.164367,0.187849,9.30224
1755069050920,-0.171032,0.191938,9.325962
1755069050921,-0.166952,0.188558,9.32739
1755069050924,-0.169577,0.187523,9.326632
1755069050925,-0.176194,0.192207,9.366721
1755069050927,-0.171942,0.180417,9.354635
1755069050929,-0.166895,0.179575,9.350632
1755069050931,-0.171358,0.182639,9.299884
1755069050933,-0.163332,0.183128,9.248255
1755069050935,-0.170391,0.178636,9.395614
1755069050937,-0.176568,0.190444,9.298112
1755069050939,-0.166483,0.202425,9.270655
1755069050942,-0.167106,0.197732,9.448631
1755069050943,-0.166158,0.20842,9.287088
1755069050945,-0.169423,0.213515,9.281908
1755069050947,-0.182611,0.205422,9.39115
1755069050949,-0.191852,0.195415,9.377954
1755069050951,-0.185809,0.195405,9.312592
1755069050953,-0.174987,0.181921,9.289244
1755069050955,-0.171616,0.187935,9.3561
1755069050958,-0.164577,0.182476,9.370476
1755069050959,-0.167604,0.191402,9.301713
1755069050961,-0.159607,0.185886,9.315226
1755069050963,-0.16045,0.19122,9.343814
1755069050965,-0.171492,0.201247,9.323816
1755069050967,-0.173206,0.194649,9.321488
1755069050969,-0.173273,0.192025,9.311404
1755069050971,-0.179479,0.189764,9.310169
1755069050973,-0.180283,0.188711,9.340201
1755069050975,-0.178138,0.178416,9.352508
1755069050977,-0.170525,0.178205,9.293246
1755069050979,-0.173369,0.178358,9.301023
1755069050981,-0.170898,0.173963,9.350277
1755069050983,-0.16157,0.169701,9.365619
1755069050985,-0.162126,0.171243,9.334658
1755069050987,-0.165985,0.1713,9.33189
1755069050989,-0.156131,0.176817,9.307229
1755069050991,-0.158305,0.187198,9.381632
1755069050993,-0.166885,0.183693,9.339561
1755069050995,-0.172593,0.180092,9.334599
1755069050997,-0.167747,0.186786,9.319009
1755069050999,-0.163936,0.184306,9.342127
1755069051001,-0.173963,0.184028,9.395029
1755069051003,-0.178971,0.197637,9.292557
1755069051005,-0.192015,0.198623,9.313693
1755069051007,-0.194716,0.194352,9.37487
1755069051009,-0.183051,0.21,9.295891
1755069051011,-0.18171,0.205174,9.315495
1755069051013,-0.182764,0.1901,9.320791
1755069051015,-0.182362,0.183702,9.336698
1755069051018,-0.176213,0.185263,9.344013
1755069051019,-0.182429,0.186116,9.311635
1755069051022,-0.190282,0.199734,9.309383
1755069051023,-0.181586,0.197474,9.332043
1755069051025,-0.170956,0.204043,9.315647
1755069051027,-0.168561,0.19416,9.353111
1755069051029,-0.173474,0.195204,9.367812
1755069051031,-0.17379,0.198776,9.322102
1755069051033,-0.179843,0.190291,9.371202
1755069051035,-0.179929,0.185484,9.305514
1755069051037,-0.167987,0.184488,9.366471
1755069051040,-0.170391,0.185445,9.309107
1755069051042,-0.178445,0.178837,9.345842
1755069051043,-0.184363,0.19621,9.315313
1755069051045,-0.182754,0.18829,9.341102
1755069051047,-0.17561,0.184708,9.309058
1755069051049,-0.168197,0.173589,9.334121
1755069051051,-0.175026,0.173627,9.310169
1755069051053,-0.172153,0.184708,9.354521
1755069051056,-0.168877,0.184583,9.333067
1755069051059,-0.162193,0.182764,9.341352
1755069051060,-0.168609,0.190808,9.32532
1755069051061,-0.168351,0.182591,9.347433
1755069051063,-0.173446,0.182113,9.318865
1755069051065,-0.176386,0.176673,9.340489
1755069051068,-0.161791,0.178617,9.325329
1755069051070,-0.152693,0.178244,9.341305
1755069051071,-0.151496,0.196803,9.321232
1755069051074,-0.149436,0.194524,9.328825
1755069051075,-0.143681,0.19393,9.332838
1755069051078,-0.156351,0.200864,9.333661
1755069051079,-0.160479,0.198221,9.329342
1755069051081,-0.154522,0.19937,9.327216
1755069051084,-0.154675,0.199724,9.324651
1755069051085,-0.168715,0.195501,9.329123
1755069051087,-0.175888,0.185886,9.342654
1755069051090,-0.176568,0.192159,9.340594
1755069051091,-0.178272,0.19031,9.337971
1755069051093,-0.16225,0.191153,9.331958
1755069051095,-0.177631,0.186355,9.345968
1755069051097,-0.183884,0.191699,9.34456
1755069051099,-0.177736,0.200213,9.334332
1755069051102,-0.169615,0.200835,9.332885
1755069051103,-0.170917,0.198249,9.332713
1755069051105,-0.175485,0.198594,9.330385
1755069051108,-0.169806,0.205509,9.322437
1755069051109,-0.162672,0.19078,9.320895
1755069051111,-0.168006,0.199887,9.326746
1755069051113,-0.175485,0.20344,9.329822
1755069051115,-0.171348,0.202444,9.329659
1755069051118,-0.172766,0.199427,9.335031
1755069051120,-0.16656,0.203095,9.332704
1755069051122,-0.160201,0.19123,9.332713
1755069051124,-0.163955,0.184727,9.319717
1755069051125,-0.170046,0.181069,9.322867
1755069051127,-0.17356,0.192015,9.328089
1755069051129,-0.174039,0.207874,9.329945
1755069051131,-0.164443,0.196506,9.329505
1755069051133,-0.167125,0.205949,9.329974
1755069051135,-0.171808,0.210297,9.328671
1755069051137,-0.186298,0.192685,9.325684
1755069051139,-0.191306,0.193394,9.324726
1755069051142,-0.187207,0.195281,9.330453
1755069051143,-0.174643,0.196784,9.332531
1755069051146,-0.171348,0.190377,9.32643
1755069051147,-0.162681,0.186384,9.321623
1755069051149,-0.148919,0.19597,9.327503
1755069051151,-0.15095,0.199533,9.334398
1755069051153,-0.162432,0.206074,9.335164
1755069051155,-0.166579,0.203957,9.340058
1755069051158,-0.174671,0.207213,9.335509
1755069051159,-0.182285,0.213266,9.347423
1755069051161,-0.184861,0.2048,9.340757
1755069051163,-0.195156,0.198326,9.341667
1755069051165,-0.188261,0.204101,9.33662
1755069051167,-0.186729,0.199897,9.335241
1755069051169,-0.188845,0.193413,9.336965
1755069051171,-0.175754,0.200864,9.337606
1755069051173,-0.17154,0.197091,9.32847
1755069051175,-0.178301,0.196267,9.322111
1755069051178,-0.169931,0.193231,9.327791
1755069051179,-0.172545,0.18127,9.322858
1755069051182,-0.166713,0.183405,9.324305
1755069051183,-0.171377,0.178588,9.331248
1755069051185,-0.170304,0.173359,9.330118
1755069051187,-0.178464,0.183482,9.330155
1755069051189,-0.191258,0.191977,9.329792
1755069051192,-0.195913,0.19303,9.332732
1755069051193,-0.188663,0.201391,9.330559
1755069051195,-0.174825,0.188567,9.333593
1755069051197,-0.160766,0.171578,9.322217
1755069051199,-0.168801,0.176472,9.324227
1755069051201,-0.169797,0.180274,9.330395
1755069051203,-0.178052,0.18014,9.340748
1755069051205,-0.177315,0.185292,9.332435
1755069051207,-0.167853,0.181337,9.332358
1755069051209,-0.169605,0.189314,9.3235
1755069051211,-0.167412,0.202406,9.331104
1755069051213,-0.164462,0.197301,9.354587
1755069051215,-0.168715,0.193873,9.31445
1755069051217,-0.164089,0.196545,9.33301
1755069051219,-0.169778,0.198345,9.349578
1755069051221,-0.168399,0.203316,9.342435
1755069051223,-0.169433,0.209138,9.366222
1755069051226,-0.165698,0.202176,9.265781
1755069051228,-0.173599,0.211638,9.315534
1755069051229,-0.174058,0.210766,9.378739
1755069051231,-0.182467,0.188357,9.340557
1755069051233,-0.166694,0.194917,9.22055
1755069051235,-0.164395,0.182984,9.372208
1755069051237,-0.157424,0.171932,9.297805
1755069051239,-0.153813,0.161015,9.369336
1755069051241,-0.158362,0.167441,9.337692
1755069051243,-0.155748,0.186949,9.271344
1755069051245,-0.157443,0.193222,9.326325
1755069051247,-0.174844,0.179661,9.371642
1755069051249,-0.185694,0.176855,9.338382
1755069051251,-0.177362,0.183884,9.322638
1755069051253,-0.16973,0.194179,9.338832
1755069051255,-0.171473,0.19846,9.286122
1755069051257,-0.18262,0.189525,9.375646
1755069051260,-0.184507,0.182314,9.368521
1755069051262,-0.171118,0.191651,9.340345
1755069051263,-0.156006,0.196554,9.305343
1755069051265,-0.152664,0.199054,9.317419
1755069051267,-0.16542,0.197502,9.34228
1755069051269,-0.168332,0.190933,9.349568
1755069051271,-0.168494,0.181787,9.336822
1755069051273,-0.167881,0.192484,9.300065
1755069051275,-0.167144,0.18897,9.352633
1755069051278,-0.172421,0.190215,9.344283
1755069051279,-0.177497,0.196085,9.32916
1755069051281,-0.172306,0.200979,9.30222
1755069051283,-0.168063,0.198278,9.376191
1755069051286,-0.169663,0.196372,9.32467
1755069051287,-0.175083,0.200261,9.323787
1755069051289,-0.159195,0.205241,9.311587
1755069051291,-0.156964,0.194285,9.341475
1755069051294,-0.166014,0.174173,9.361272
1755069051295,-0.16655,0.178722,9.323567
1755069051297,-0.16317,0.179517,9.332589
1755069051299,-0.163639,0.183999,9.32762
1755069051302,-0.174384,0.182773,9.3717
1755069051303,-0.178598,0.186393,9.287156
1755069051305,-0.187399,0.182725,9.323347
1755069051307,-0.183396,0.178703,9.371393
1755069051310,-0.178349,0.178454,9.321087
1755069051312,-0.179489,0.201314,9.276832
1755069051313,-0.175179,0.198288,9.355065
1755069051315,-0.177152,0.178004,9.422995
1755069051317,-0.177497,0.18759,9.312371
1755069051319,-0.172172,0.208497,9.296953
1755069051322,-0.172995,0.205873,9.350182
1755069051323,-0.177966,0.212557,9.346313
1755069051325,-0.173685,0.206275,9.313014
1755069051328,-0.168552,0.196727,9.373358
1755069051329,-0.158621,0.194208,9.351417
1755069051331,-0.157481,0.191603,9.265302
1755069051333,-0.14438,0.197273,9.30835
1755069051335,-0.152223,0.191709,9.367257
1755069051337,-0.160804,0.204034,9.308952
1755069051339,-0.167278,0.186652,9.362228
1755069051341,-0.172727,0.174566,9.40588
1755069051343,-0.171003,0.192886,9.289752
1755069051346,-0.169337,0.20706,9.318138
1755069051347,-0.165746,0.205174,9.300515
1755069051350,-0.158889,0.195108,9.317573
1755069051351,-0.155901,0.192398,9.345354
1755069051353,-0.157673,0.191211,9.361654
1755069051355,-0.179919,0.182237,9.344291
1755069051357,-0.180628,0.173857,9.334858
1755069051359,-0.177142,0.177171,9.339541
1755069051362,-0.171454,0.178062,9.271604
1755069051363,-0.168332,0.187303,9.326699
1755069051365,-0.180532,0.188625,9.354002
1755069051367,-0.176213,0.206677,9.305917
1755069051369,-0.1824,0.189209,9.406637
1755069051371,-0.184392,0.191862,9.340768
1755069051373,-0.187428,0.200577,9.335835
1755069051375,-0.180829,0.178291,9.376
1755069051377,-0.180992,0.1858,9.28184
1755069051379,-0.189707,0.191833,9.361329
1755069051381,-0.188673,0.20457,9.3249
1755069051383,-0.178588,0.193844,9.343075
1755069051385,-0.158257,0.195922,9.348899
1755069051387,-0.159808,0.198393,9.334179
1755069051389,-0.170515,0.192005,9.332868
1755069051391,-0.170075,0.189582,9.336275
1755069051393,-0.165037,0.182668,9.332053
1755069051395,-0.169873,0.188156,9.346522
1755069051398,-0.166531,0.198862,9.341073
1755069051401,-0.170094,0.19189,9.332197
1755069051402,-0.170687,0.200337,9.331593
1755069051403,-0.161685,0.196823,9.336419
1755069051405,-0.15819,0.1901,9.338832
1755069051407,-0.158151,0.191258,9.333518
1755069051409,-0.154436,0.197024,9.33077
1755069051411,-0.155518,0.192877,9.343746
1755069051414,-0.176759,0.184449,9.33394
1755069051415,-0.175964,0.184258,9.327465
1755069051417,-0.177094,0.183425,9.322322
1755069051419,-0.185713,0.185627,9.326
1755069051421,-0.188184,0.187083,9.330041
1755069051423,-0.178856,0.18851,9.336678
1755069051425,-0.172497,0.180619,9.33232
1755069051427,-0.180159,0.190406,9.335117
1755069051430,-0.182247,0.199341,9.333604
1755069051431,-0.184574,0.206438,9.32534
1755069051433,-0.180561,0.20798,9.330415
1755069051436,-0.182515,0.205901,9.32711
1755069051437,-0.182438,0.195558,9.335377
1755069051439,-0.164999,0.187322,9.331803
1755069051441,-0.166608,0.183999,9.338191
1755069051443,-0.173216,0.19801,9.337367
1755069051445,-0.183674,0.202818,9.337673
1755069051448,-0.177449,0.188184,9.330809
1755069051450,-0.163438,0.18692,9.333555
1755069051451,-0.171492,0.188309,9.336956
1755069051453,-0.168552,0.180686,9.315283
1755069051455,-0.178081,0.186164,9.330894
1755069051457,-0.185091,0.19077,9.337961
1755069051459,-0.188165,0.191852,9.336026
1755069051461,-0.188615,0.192465,9.329945
1755069051464,-0.187102,0.186633,9.328298
1755069051465,-0.170237,0.188021,9.345593
1755069051467,-0.171741,0.190607,9.343248
1755069051469,-0.168686,0.182572,9.347576
1755069051471,-0.166809,0.171032,9.334714
1755069051473,-0.166876,0.179096,9.326805
1755069051475,-0.178014,0.19734,9.324084
1755069051477,-0.169969,0.20231,9.329035
1755069051479,-0.164185,0.198182,9.325606
1755069051481,-0.164568,0.197301,9.325233
1755069051483,-0.160565,0.180695,9.328519
1755069051485,-0.153507,0.183741,9.338575
1755069051487,-0.162863,0.192178,9.333958
1755069051489,-0.172622,0.192092,9.32963
1755069051491,-0.177927,0.194017,9.327179
1755069051493,-0.172191,0.206275,9.336057
1755069051495,-0.174738,0.200433,9.33278
1755069051498,-0.16383,0.205853,9.325731
1755069051499,-0.154369,0.201793,9.335079
1755069051501,-0.163984,0.197502,9.335183
1755069051503,-0.166684,0.181528,9.338794
1755069051505,-0.170247,0.186709,9.339265
1755069051507,-0.174604,0.193155,9.338881
1755069051509,-0.186393,0.185321,9.339062
1755069051511,-0.169605,0.181011,9.331038
1755069051513,-0.161781,0.20185,9.332167
1755069051516,-0.169414,0.207357,9.331488
1755069051518,-0.174413,0.204992,9.32762
1755069051520,-0.174604,0.201755,9.329333
1755069051521,-0.181902,0.190416,9.334245
1755069051523,-0.184382,0.193643,9.332684
1755069051525,-0.180226,0.191958,9.327925
1755069051527,-0.174039,0.199561,9.324046
1755069051529,-0.184746,0.204637,9.339502
1755069051532,-0.181011,0.200433,9.331258
1755069051533,-0.168887,0.196363,9.331918
1755069051535,-0.165468,0.194467,9.333555
1755069051537,-0.172411,0.191584,9.337511
1755069051540,-0.168868,0.190665,9.339244
1755069051541,-0.16928,0.170601,9.335607
1755069051543,-0.179642,0.168418,9.332627
1755069051545,-0.176338,0.180619,9.343784
1755069051547,-0.169328,0.183176,9.338593
1755069051549,-0.170879,0.184382,9.336687
1755069051552,-0.17719,0.186978,9.337397
1755069051553,-0.183865,0.18488,9.3319
1755069051555,-0.18716,0.181155,9.330491
1755069051557,-0.190234,0.191948,9.32758
1755069051559,-0.174901,0.205729,9.333412
1755069051561,-0.172833,0.210565,9.330549
1755069051563,-0.172536,0.207242,9.329045
1755069051566,-0.175792,0.203459,9.330224
1755069051567,-0.173311,0.203028,9.32557
1755069051569,-0.170659,0.210153,9.325626
1755069051571,-0.174853,0.213726,9.333948
1755069051573,-0.186432,0.201458,9.335835
1755069051575,-0.173053,0.192312,9.336707
1755069051577,-0.174537,0.196928,9.332167
1755069051579,-0.168494,0.199676,9.327685
1755069051581,-0.159722,0.199293,9.333193
1755069051583,-0.154598,0.207721,9.336756
1755069051585,-0.166397,0.205566,9.340632
1755069051587,-0.176022,0.207386,9.337051
1755069051589,-0.173924,0.208679,9.33776
1755069051591,-0.170132,0.204034,9.344187
1755069051593,-0.178991,0.185589,9.343717
1755069051595,-0.183482,0.195865,9.341485
1755069051597,-0.173244,0.192867,9.340049
1755069051600,-0.175256,0.188108,9.332856
1755069051603,-0.17539,0.189353,9.328671
1755069051604,-0.168054,0.202559,9.329811
1755069051605,-0.165277,0.191958,9.326383
1755069051607,-0.16272,0.198269,9.318884
1755069051609,-0.155901,0.19553,9.321613
1755069051611,-0.16475,0.204292,9.33188
1755069051613,-0.171808,0.21159,9.338575
1755069051615,-0.168399,0.201745,9.342615
1755069051618,-0.158582,0.200069,9.340632
1755069051619,-0.164788,0.192341,9.337779
1755069051621,-0.163572,0.186374,9.341724
1755069051623,-0.163964,0.190962,9.324879
1755069051625,-0.17199,0.193451,9.305611
1755069051627,-0.178071,0.192819,9.327399
1755069051629,-0.173695,0.190808,9.350326
1755069051631,-0.165506,0.182773,9.338966
1755069051634,-0.170678,0.18397,9.336008
1755069051635,-0.168906,0.177228,9.340087
1755069051637,-0.164817,0.178014,9.340395
1755069051639,-0.174882,0.189008,9.331498
1755069051641,-0.168628,0.197311,9.324975
1755069051643,-0.155863,0.20661,9.332848
1755069051645,-0.170256,0.211705,9.344492
1755069051647,-0.180427,0.216014,9.362613
1755069051649,-0.169893,0.193289,9.399013
1755069051652,-0.165047,0.194103,9.280768
1755069051654,-0.162892,0.195578,9.284696
1755069051655,-0.17018,0.192657,9.312008
1755069051657,-0.174978,0.180322,9.360859
1755069051659,-0.171406,0.175351,9.352537
1755069051661,-0.176003,0.18421,9.310706
1755069051663,-0.180255,0.20072,9.238793
1755069051665,-0.181978,0.193442,9.326996
1755069051668,-0.178665,0.192733,9.32466
1755069051669,-0.17085,0.198364,9.316146
1755069051671,-0.162633,0.196842,9.435865
1755069051673,-0.172622,0.18284,9.381383
1755069051675,-0.162643,0.184612,9.316998
1755069051677,-0.158017,0.19325,9.288526
1755069051679,-0.14981,0.197579,9.294281
1755069051681,-0.166502,0.200605,9.275568
1755069051683,-0.165142,0.197933,9.306912
1755069051685,-0.177085,0.197206,9.313416
1755069051687,-0.162471,0.202664,9.291006
1755069051689,-0.165698,0.206237,9.352958
1755069051691,-0.174097,0.187188,9.384438
1755069051693,-0.161139,0.190004,9.363197
1755069051695,-0.160651,0.184152,9.40519
1755069051697,-0.164807,0.181461,9.361835
1755069051699,-0.161589,0.171952,9.295086
1755069051702,-0.160124,0.177353,9.32643
1755069051703,-0.177027,0.187265,9.319429
1755069051705,-0.182601,0.192082,9.318836
1755069051707,-0.176836,0.195846,9.376479
1755069051709,-0.186365,0.179556,9.382005
1755069051711,-0.164788,0.195731,9.304193
1755069051713,-0.155863,0.199207,9.338939
1755069051715,-0.168264,0.191929,9.348256
1755069051717,-0.163083,0.202339,9.279389
1755069051720,-0.155345,0.204072,9.29976
1755069051721,-0.155853,0.197359,9.348064
1755069051723,-0.162222,0.200567,9.299539
1755069051725,-0.174729,0.173541,9.352931
1755069051727,-0.175217,0.17809,9.341399
1755069051729,-0.188663,0.179412,9.333193
1755069051731,-0.181595,0.171923,9.349769
1755069051733,-0.17967,0.181021,9.320618
1755069051736,-0.180178,0.180025,9.34319
1755069051738,-0.183884,0.18171,9.365102
1755069051739,-0.183798,0.17266,9.3432
1755069051741,-0.180446,0.171521,9.348687
1755069051743,-0.17969,0.172536,9.339043
1755069051745,-0.162921,0.175054,9.346159
1755069051747,-0.157596,0.178062,9.342241
1755069051749,-0.159837,0.181959,9.321978
1755069051751,-0.16203,0.19076,9.337559
1755069051754,-0.176874,0.190157,9.337779
1755069051755,-0.183415,0.190176,9.335653
1755069051757,-0.186987,0.187514,9.333978
1755069051759,-0.177133,0.18716,9.339972
1755069051761,-0.178176,0.202387,9.338881
1755069051763,-0.184804,0.20141,9.338096
1755069051765,-0.183281,0.199839,9.337683
1755069051767,-0.177669,0.181797,9.332694
1755069051770,-0.170601,0.175868,9.327886
1755069051771,-0.172938,0.178397,9.333891
1755069051773,-0.168389,0.183405,9.335423
1755069051775,-0.165066,0.193519,9.335222
1755069051777,-0.165238,0.194562,9.333881
1755069051779,-0.159339,0.191747,9.345593
1755069051781,-0.159368,0.187102,9.339244
1755069051783,-0.171636,0.187897,9.343488
1755069051785,-0.16679,0.187571,9.34048
1755069051788,-0.16496,0.189774,9.337397
1755069051789,-0.175284,0.193815,9.318186
1755069051791,-0.18397,0.195788,9.321031
1755069051794,-0.180733,0.188711,9.324879
1755069051795,-0.183243,0.194419,9.32305
1755069051798,-0.187274,0.195424,9.328079
1755069051799,-0.18284,0.194131,9.326392
1755069051801,-0.18331,0.19574,9.331678
1755069051806,-0.183472,0.202569,9.332808
1755069051807,-0.187294,0.199772,9.330809
1755069051808,-0.181375,0.196267,9.335394
1755069051809,-0.184784,0.194419,9.336209
1755069051811,-0.17969,0.198862,9.341457
1755069051813,-0.182132,0.199006,9.343276
1755069051815,-0.174528,0.187102,9.341331
1755069051817,-0.174853,0.1772,9.343563
1755069051819,-0.170007,0.178378,9.340738
1755069051822,-0.168992,0.175342,9.337003
1755069051823,-0.17334,0.180417,9.332053
1755069051825,-0.176165,0.183032,9.324467
1755069051827,-0.172699,0.189152,9.323538
1755069051829,-0.172363,0.195472,9.322437
1755069051831,-0.180868,0.196506,9.331228
1755069051833,-0.186757,0.19665,9.334467
1755069051835,-0.180619,0.19349,9.331738
1755069051838,-0.176366,0.19711,9.334398
1755069051840,-0.173062,0.193365,9.328883
1755069051842,-0.169433,0.180293,9.332149
1755069051843,-0.16973,0.188826,9.341505
1755069051845,-0.174528,0.191124,9.343027
1755069051847,-0.162145,0.182639,9.357039
1755069051849,-0.16813,0.20322,9.348237
1755069051851,-0.172239,0.196832,9.334179
1755069051853,-0.171319,0.19914,9.339868
1755069051856,-0.166924,0.195309,9.334188
1755069051858,-0.166426,0.192944,9.281679
1755069051859,-0.162116,0.195654,9.356789
1755069051861,-0.158142,0.19687,9.327426
1755069051863,-0.157404,0.198393,9.326096
1755069051865,-0.163237,0.195625,9.301589
1755069051867,-0.161877,0.182927,9.321931
1755069051869,-0.165985,0.193949,9.349941
1755069051872,-0.168648,0.187523,9.34047
1755069051873,-0.169701,0.186863,9.333354
1755069051875,-0.177669,0.194112,9.330242
1755069051877,-0.184928,0.202789,9.353772
1755069051879,-0.180714,0.209569,9.333718
1755069051881,-0.181203,0.211389,9.335452
1755069051883,-0.184813,0.194246,9.347289
1755069051885,-0.167699,0.184698,9.327809
1755069051887,-0.161283,0.187428,9.350277
1755069051889,-0.163783,0.19689,9.294014
1755069051892,-0.159425,0.181835,9.331764
1755069051893,-0.158898,0.16859,9.306568
1755069051896,-0.166857,0.167422,9.327293
1755069051897,-0.182553,0.174853,9.33798
1755069051899,-0.175035,0.184315,9.295095
1755069051901,-0.172564,0.177813,9.350727
1755069051903,-0.170573,0.197512,9.295506
1755069051906,-0.179939,0.184468,9.339646
1755069051908,-0.180973,0.178148,9.333154
1755069051909,-0.177631,0.194687,9.307575
1755069051911,-0.177113,0.194486,9.368242
1755069051913,-0.181988,0.198862,9.320588
1755069051915,-0.180456,0.189305,9.333881
1755069051917,-0.183032,0.184976,9.336352
1755069051919,-0.170055,0.192053,9.307258
1755069051921,-0.160842,0.187753,9.350008
1755069051923,-0.173953,0.191431,9.330023
1755069051925,-0.176778,0.199418,9.302318
1755069051927,-0.176596,0.200443,9.314574
1755069051929,-0.184765,0.202013,9.307497
1755069051931,-0.178445,0.184497,9.360103
1755069051933,-0.169921,0.171636,9.357316
1755069051935,-0.171798,0.165382,9.360668
1755069051938,-0.165296,0.173072,9.367869
1755069051940,-0.165162,0.171961,9.307441
1755069051941,-0.170458,0.183482,9.336429
1755069051943,-0.171013,0.189793,9.373041
1755069051945,-0.172134,0.192092,9.349692
1755069051947,-0.174872,0.185378,9.356483
1755069051949,-0.18602,0.181059,9.306032
1755069051951,-0.184392,0.186709,9.331276
1755069051953,-0.187753,0.182725,9.377359
1755069051955,-0.175275,0.192609,9.340156
1755069051957,-0.168293,0.193279,9.338756
1755069051959,-0.166148,0.180417,9.300804
1755069051961,-0.155499,0.183137,9.318855
1755069051963,-0.162815,0.185005,9.375627
1755069051965,-0.173273,0.203842,9.32941
1755069051967,-0.181634,0.19733,9.314297
1755069051969,-0.185177,0.188615,9.300938
1755069051971,-0.166292,0.182984,9.339895
1755069051974,-0.158822,0.194735,9.339331
1755069051976,-0.151208,0.178454,9.325693
1755069051977,-0.165727,0.179824,9.310198
1755069051979,-0.168513,0.182237,9.294415
1755069051981,-0.171061,0.170573,9.388756
1755069051983,-0.172651,0.186796,9.357679
1755069051985,-0.17107,0.181509,9.338622
1755069051987,-0.16702,0.194304,9.336419
1755069051989,-0.169442,0.214865,9.32553
1755069051991,-0.167728,0.210422,9.377753
1755069051993,-0.176615,0.211638,9.369172
1755069051995,-0.170113,0.203201,9.317763
1755069051997,-0.161178,0.199504,9.315313
1755069051999,-0.158257,0.200031,9.328461
1755069052001,-0.149982,0.198412,9.334073
1755069052003,-0.161072,0.189602,9.351196
1755069052005,-0.168073,0.186001,9.323932
1755069052007,-0.171932,0.189305,9.305381
1755069052010,-0.175811,0.18827,9.352336
1755069052011,-0.176376,0.1885,9.32441
1755069052013,-0.172296,0.186853,9.334484
1755069052015,-0.165851,0.203287,9.328931
1755069052017,-0.159607,0.19236,9.35382
1755069052019,-0.164865,0.203392,9.32353
1755069052021,-0.158764,0.207194,9.364182
1755069052023,-0.18195,0.212279,9.322705
1755069052025,-0.174011,0.227468,9.305438
1755069052027,-0.183999,0.203172,9.373118
1755069052029,-0.182017,0.211762,9.266643
1755069052031,-0.170199,0.189774,9.396379
1755069052033,-0.160316,0.197043,9.328307
1755069052035,-0.167067,0.195721,9.330012
1755069052037,-0.170343,0.190473,9.351801
1755069052039,-0.167977,0.201659,9.333508
1755069052042,-0.18578,0.185512,9.343563
1755069052044,-0.183578,0.202961,9.314479
1755069052046,-0.184105,0.183214,9.333241
1755069052047,-0.179603,0.197263,9.265024
1755069052049,-0.179757,0.188893,9.352038
1755069052051,-0.179278,0.197981,9.319172
1755069052053,-0.181998,0.197234,9.317917
1755069052055,-0.168341,0.191852,9.317007
1755069052057,-0.154292,0.181825,9.334303
1755069052060,-0.166627,0.181174,9.345365
1755069052062,-0.165794,0.192762,9.310697
1755069052063,-0.16882,0.187112,9.355803
1755069052065,-0.167632,0.207491,9.262564
1755069052067,-0.170908,0.198096,9.377216
1755069052069,-0.163936,0.208209,9.319201
1755069052071,-0.173647,0.188768,9.326489
1755069052073,-0.162633,0.202186,9.31242
1755069052075,-0.172564,0.188328,9.351254
1755069052078,-0.175993,0.190808,9.328624
1755069052079,-0.177822,0.192925,9.340845
1755069052081,-0.184392,0.183597,9.334303
1755069052083,-0.174164,0.194323,9.309365
1755069052086,-0.182074,0.180303,9.354097
1755069052088,-0.173723,0.2005,9.328586
1755069052090,-0.184401,0.193011,9.352901
1755069052092,-0.182946,0.203833,9.291149
1755069052094,-0.180379,0.182189,9.339857
1755069052095,-0.170774,0.202961,9.29771
1755069052097,-0.180599,0.200864,9.371652
1755069052099,-0.180054,0.20164,9.357823
1755069052101,-0.176874,0.206074,9.342251
1755069052103,-0.173982,0.201228,9.295325
1755069052105,-0.176759,0.189037,9.351321
1755069052107,-0.161465,0.198958,9.33824
1755069052109,-0.168303,0.185895,9.349759
1755069052111,-0.168437,0.198125,9.288104
1755069052113,-0.174901,0.19801,9.374594
1755069052115,-0.170822,0.201324,9.360352
1755069052117,-0.168791,0.19689,9.340978
1755069052119,-0.183396,0.203009,9.31038
1755069052121,-0.173292,0.201084,9.337223
1755069052123,-0.169663,0.196066,9.347873
1755069052125,-0.174595,0.191019,9.325953
1755069052127,-0.172928,0.192906,9.321595
1755069052129,-0.178655,0.187303,9.34409
1755069052131,-0.18963,0.185599,9.33029
1755069052133,-0.178866,0.185464,9.326612
1755069052135,-0.167288,0.188625,9.339359
1755069052138,-0.156322,0.206189,9.331058
1755069052139,-0.169538,0.196545,9.345392
1755069052141,-0.175983,0.186853,9.326833
1755069052144,-0.173053,0.183405,9.338392
1755069052145,-0.171454,0.191383,9.342004
1755069052147,-0.186049,0.197349,9.33188
1755069052149,-0.176223,0.192446,9.336151
1755069052151,-0.169165,0.193758,9.331009
1755069052153,-0.1704,0.195405,9.312304
1755069052155,-0.160268,0.17221,9.328241
1755069052157,-0.162863,0.172948,9.336659
1755069052159,-0.178895,0.183319,9.317638
1755069052161,-0.170228,0.194246,9.328662
1755069052163,-0.163668,0.211207,9.343287
1755069052165,-0.154694,0.19755,9.366241
1755069052168,-0.154914,0.199389,9.277666
1755069052169,-0.16225,0.195578,9.348486
1755069052171,-0.168437,0.196688,9.320196
1755069052173,-0.170304,0.199083,9.312584
1755069052175,-0.160756,0.198508,9.345873
1755069052177,-0.171454,0.188989,9.346733
1755069052180,-0.180322,0.189697,9.314815
1755069052181,-0.185158,0.187169,9.333077
1755069052183,-0.190617,0.178301,9.348802
1755069052185,-0.195779,0.188242,9.336123
1755069052187,-0.192953,0.193423,9.323807
1755069052189,-0.17584,0.200337,9.34294
1755069052191,-0.175351,0.203009,9.340135
1755069052193,-0.166234,0.214195,9.291954
1755069052195,-0.164386,0.20186,9.357546
1755069052198,-0.162116,0.196861,9.324946
1755069052199,-0.17809,0.182783,9.34206
1755069052201,-0.175667,0.181739,9.325435
1755069052203,-0.166292,0.176156,9.316433
1755069052205,-0.179709,0.176012,9.360189
1755069052207,-0.16973,0.179881,9.320033
1755069052209,-0.173647,0.197349,9.292366
1755069052211,-0.175303,0.194179,9.369641
1755069052214,-0.173857,0.184871,9.33594
1755069052215,-0.173857,0.176319,9.334638
1755069052218,-0.167699,0.177592,9.333574
1755069052219,-0.163907,0.187523,9.332512
1755069052221,-0.158362,0.189784,9.331554
1755069052223,-0.175198,0.187677,9.352517
1755069052225,-0.172948,0.198154,9.353581
1755069052227,-0.174049,0.193222,9.321068
1755069052229,-0.174518,0.185091,9.341994
1755069052231,-0.176405,0.194888,9.317382
1755069052234,-0.164223,0.194936,9.336227
1755069052235,-0.161982,0.201132,9.348007
1755069052237,-0.170458,0.192829,9.316605
1755069052240,-0.170391,0.191249,9.320598
1755069052241,-0.161015,0.188069,9.342011
1755069052243,-0.168063,0.187648,9.339926
1755069052245,-0.177257,0.19778,9.341515
1755069052247,-0.172172,0.189736,9.333738
1755069052249,-0.171205,0.191163,9.315417
1755069052251,-0.175792,0.199801,9.314574
1755069052253,-0.191852,0.189831,9.351445
1755069052255,-0.195415,0.187868,9.329466
1755069052257,-0.192484,0.19824,9.338267
1755069052259,-0.186164,0.197072,9.333384
1755069052261,-0.175428,0.190588,9.335135
1755069052264,-0.178138,0.184114,9.336965
1755069052265,-0.171454,0.201735,9.334169
1755069052267,-0.166857,0.195779,9.339637
1755069052269,-0.165047,0.183731,9.315638
1755069052271,-0.179785,0.183865,9.317629
1755069052273,-0.185005,0.18465,9.344436
1755069052275,-0.177429,0.178866,9.353533
1755069052277,-0.166905,0.187054,9.325014
1755069052279,-0.17107,0.189372,9.332992
1755069052282,-0.173723,0.20434,9.330089
1755069052285,-0.179086,0.193653,9.339388
1755069052286,-0.176395,0.2066,9.333528
1755069052287,-0.178081,0.211868,9.333709
1755069052289,-0.193586,0.21091,9.336267
1755069052291,-0.180523,0.197713,9.334044
1755069052293,-0.167259,0.197043,9.345383
1755069052295,-0.172392,0.183463,9.348544
1755069052298,-0.186911,0.183702,9.326746
1755069052300,-0.201889,0.184842,9.349522
1755069052301,-0.195817,0.191421,9.336507
1755069052303,-0.17629,0.189784,9.338575
1755069052305,-0.178071,0.189678,9.334514
1755069052307,-0.178052,0.196133,9.345279
1755069052309,-0.174078,0.184555,9.345679
1755069052311,-0.186958,0.185675,9.343095
1755069052313,-0.188586,0.179613,9.339666
1755069052315,-0.181002,0.182792,9.338162
1755069052317,-0.1738,0.182275,9.339062
1755069052319,-0.170103,0.192743,9.334228
1755069052321,-0.172526,0.192973,9.335863
1755069052323,-0.176903,0.20299,9.329045
1755069052325,-0.181892,0.195127,9.337865
1755069052327,-0.181538,0.188567,9.332684
1755069052329,-0.167776,0.20231,9.32511
1755069052331,-0.170343,0.21339,9.33777
1755069052333,-0.175811,0.208286,9.341218
1755069052335,-0.172105,0.197799,9.349827
1755069052337,-0.159396,0.199619,9.336716
1755069052339,-0.169462,0.197933,9.337673
1755069052341,-0.189841,0.210604,9.331276
1755069052343,-0.179603,0.21771,9.333795
1755069052345,-0.17901,0.217355,9.335558
1755069052347,-0.17471,0.208688,9.339397
1755069052349,-0.169251,0.201563,9.33346
1755069052351,-0.165937,0.200816,9.334561
1755069052353,-0.173905,0.187734,9.338602
1755069052355,-0.178473,0.191776,9.333613
1755069052357,-0.177564,0.181557,9.330894
1755069052360,-0.175457,0.170486,9.335127
1755069052361,-0.177449,0.17854,9.332647
1755069052363,-0.16905,0.183779,9.324056
1755069052365,-0.175208,0.187035,9.319305
1755069052367,-0.166014,0.186432,9.331364
1755069052369,-0.165909,0.189841,9.335117
1755069052371,-0.166263,0.197253,9.325512
1755069052373,-0.167307,0.205748,9.32281
1755069052375,-0.172823,0.199303,9.322697
1755069052377,-0.179383,0.192187,9.327226
1755069052379,-0.191067,0.184325,9.333661
1755069052381,-0.181538,0.173982,9.338746
1755069052385,-0.178598,0.182438,9.331958
1755069052386,-0.1772,0.177813,9.33119
1755069052387,-0.172718,0.175811,9.336287
1755069052390,-0.17154,0.185407,9.331276
1755069052391,-0.161848,0.19327,9.336937
1755069052393,-0.166694,0.1996,9.340796
1755069052395,-0.171674,0.197033,9.343611
1755069052397,-0.163821,0.201553,9.336237
1755069052400,-0.166148,0.192417,9.340078
1755069052402,-0.174317,0.191029,9.332694
1755069052403,-0.169758,0.19372,9.331239
1755069052406,-0.173024,0.20526,9.320158
1755069052407,-0.179163,0.201707,9.332655
1755069052409,-0.178818,0.195807,9.327235
1755069052411,-0.18647,0.198671,9.320158
1755069052413,-0.178627,0.204187,9.316528
1755069052415,-0.181155,0.214444,9.31601
1755069052417,-0.176568,0.212165,9.325397
1755069052421,-0.181356,0.194562,9.335289
1755069052422,-0.179814,0.193202,9.334293
1755069052423,-0.169634,0.197637,9.336287
1755069052425,-0.167058,0.186853,9.335663
1755069052427,-0.167316,0.189841,9.335203
1755069052429,-0.174145,0.20118,9.335271
1755069052431,-0.169567,0.22246,9.330204
1755069052433,-0.168753,0.216781,9.340375
1755069052435,-0.168236,0.204915,9.332378
1755069052438,-0.181346,0.197962,9.335193
1755069052440,-0.182716,0.185771,9.334312
1755069052441,-0.180341,0.191843,9.335156
1755069052443,-0.193451,0.190751,9.336123
1755069052445,-0.181729,0.183195,9.334467
1755069052447,-0.175581,0.183664,9.326785
1755069052449,-0.168858,0.18375,9.320827
1755069052453,-0.185828,0.182103,9.331631
1755069052454,-0.187131,0.18285,9.331009
1755069052455,-0.188232,0.181768,9.325482
1755069052458,-0.185187,0.181107,9.32872
1755069052459,-0.186336,0.185579,9.325731
1755069052461,-0.181682,0.18465,9.323357
1755069052463,-0.17471,0.186499,9.326584
1755069052466,-0.167604,0.19304,9.334428
1755069052468,-0.170055,0.184286,9.33755
1755069052469,-0.172057,0.19303,9.329419
1755069052471,-0.177736,0.192503,9.326066
1755069052473,-0.178263,0.179603,9.327359
1755069052475,-0.178713,0.181097,9.332188
1755069052477,-0.17041,0.178655,9.33594
1755069052479,-0.168571,0.193001,9.324325
1755069052481,-0.168906,0.196315,9.316395
1755069052483,-0.160086,0.193796,9.321259
1755069052487,-0.149063,0.193451,9.318062
1755069052488,-0.163773,0.192025,9.340221
1755069052489,-0.172679,0.190301,9.345873
1755069052491,-0.167862,0.192216,9.349147
1755069052493,-0.176089,0.192992,9.346408
1755069052495,-0.174317,0.177765,9.348457
1755069052497,-0.165813,0.177535,9.344339
1755069052499,-0.167728,0.183147,9.344148
1755069052502,-0.155939,0.182984,9.337186
1755069052504,-0.166148,0.1858,9.332512
1755069052505,-0.167948,0.188261,9.334533
1755069052507,-0.165114,0.184076,9.336093
1755069052509,-0.162183,0.178368,9.333872
1755069052511,-0.165123,0.170036,9.337358
1755069052513,-0.171118,0.165909,9.337301
1755069052515,-0.168284,0.175687,9.330415
1755069052518,-0.173599,0.190282,9.323721
1755069052520,-0.180101,0.196066,9.318972
1755069052522,-0.167115,0.186958,9.317286
1755069052523,-0.16926,0.18353,9.324515
1755069052525,-0.167786,0.179785,9.319334
1755069052527,-0.170036,0.179833,9.325953
1755069052529,-0.166617,0.171291,9.329849
1755069052531,-0.161427,0.180753,9.330865
1755069052533,-0.165976,0.187543,9.33438
1755069052535,-0.165506,0.192752,9.334896
1755069052538,-0.169931,0.215727,9.336287
1755069052539,-0.174528,0.212251,9.33799
1755069052541,-0.187715,0.190655,9.330932
1755069052543,-0.183923,0.191661,9.326325
1755069052545,-0.173273,0.192197,9.327714
1755069052547,-0.180101,0.183875,9.325386
1755069052549,-0.180705,0.180379,9.324113
1755069052551,-0.177592,0.18126,9.323625
1755069052554,-0.192408,0.186451,9.336956
1755069052555,-0.192599,0.193806,9.34228
1755069052557,-0.182275,0.199801,9.342529
1755069052559,-0.169893,0.18896,9.340078
1755069052561,-0.178502,0.186901,9.333804
1755069052563,-0.171597,0.188606,9.336793
1755069052565,-0.169375,0.19938,9.348237
1755069052567,-0.174595,0.2023,9.341772
1755069052570,-0.170505,0.200931,9.327149
1755069052571,-0.182869,0.188922,9.319315
1755069052574,-0.181739,0.185733,9.325942
1755069052576,-0.177123,0.192398,9.327063
1755069052577,-0.179038,0.199858,9.329955
1755069052579,-0.173149,0.186978,9.334446
1755069052581,-0.174518,0.181078,9.335462
1755069052583,-0.166627,0.180159,9.334753
1755069052585,-0.169251,0.185263,9.327254
1755069052587,-0.166129,0.178493,9.330635
1755069052589,-0.161743,0.183348,9.331498
1755069052591,-0.173474,0.188452,9.323291
1755069052593,-0.169031,0.192331,9.32827
1755069052595,-0.175687,0.182218,9.342051
1755069052597,-0.186307,0.176242,9.347463
1755069052599,-0.186891,0.18037,9.343659
1755069052602,-0.17924,0.193021,9.348285
1755069052604,-0.169567,0.197838,9.335643
1755069052605,-0.168964,0.195003,9.329918
1755069052608,-0.171923,0.181854,9.322591
1755069052609,-0.168389,0.180982,9.314421
1755069052611,-0.180753,0.186757,9.324325
1755069052613,-0.179345,0.184823,9.336323
1755069052615,-0.164424,0.187878,9.336257
1755069052617,-0.153382,0.18557,9.340748
1755069052621,-0.156657,0.17539,9.340768
1755069052622,-0.157931,0.173809,9.337426
1755069052624,-0.171387,0.189659,9.334245
1755069052625,-0.170908,0.193126,9.328135
1755069052627,-0.184277,0.186872,9.317026
1755069052629,-0.17493,0.182419,9.318329
1755069052631,-0.17584,0.185426,9.318262
1755069052633,-0.179019,0.189582,9.315321
1755069052635,-0.172881,0.204992,9.317697
1755069052638,-0.173015,0.207395,9.320743
1755069052641,-0.163936,0.198,9.318501
1755069052642,-0.180178,0.192101,9.324151
1755069052643,-0.181452,0.196602,9.333537
1755069052645,-0.183041,0.191373,9.329744
1755069052647,-0.180848,0.184267,9.337683
1755069052650,-0.170659,0.185014,9.339982
1755069052651,-0.171904,0.181002,9.34138
1755069052653,-0.160488,0.173972,9.34408
1755069052656,-0.164166,0.18624,9.337377
1755069052658,-0.164577,0.183654,9.337616
1755069052659,-0.17108,0.178445,9.332569
1755069052662,-0.173072,0.18535,9.333077
1755069052663,-0.171636,0.189927,9.331017
1755069052666,-0.166838,0.179987,9.333115
1755069052667,-0.167527,0.168025,9.332848
1755069052670,-0.181318,0.185148,9.33483
1755069052672,-0.187562,0.192637,9.333124
1755069052673,-0.171722,0.200835,9.335528
1755069052675,-0.17675,0.198163,9.340508
1755069052678,-0.176127,0.189123,9.336965
1755069052679,-0.169021,0.176079,9.33391
1755069052681,-0.167939,0.173637,9.337616
1755069052683,-0.164079,0.183836,9.340499
1755069052685,-0.157079,0.195204,9.326
1755069052687,-0.155116,0.201486,9.326736
1755069052689,-0.15569,0.190358,9.329984
1755069052691,-0.166148,0.197349,9.331219
1755069052693,-0.16385,0.196526,9.331985
1755069052695,-0.162183,0.194151,9.331266
1755069052697,-0.165889,0.200002,9.331391
1755069052699,-0.167699,0.205451,9.326306
1755069052701,-0.174039,0.204762,9.320552
1755069052703,-0.177458,0.204197,9.321737
1755069052707,-0.181442,0.206955,9.329869
1755069052708,-0.178493,0.209579,9.33391
1755069052710,-0.180915,0.205671,9.331439
1755069052711,-0.171358,0.19892,9.324841
1755069052713,-0.172191,0.207414,9.323777
1755069052715,-0.179067,0.210163,9.33392
1755069052717,-0.170352,0.208832,9.33798
1755069052719,-0.176434,0.194888,9.343257
1755069052723,-0.167786,0.190339,9.339694
1755069052723,-0.159866,0.184717,9.327034
1755069052725,-0.165181,0.192379,9.326047
1755069052727,-0.170764,0.195491,9.32648
1755069052729,-0.172622,0.199207,9.330835
1755069052731,-0.177161,0.204685,9.341772
1755069052733,-0.167853,0.196382,9.338152
1755069052735,-0.169577,0.200988,9.336879
1755069052738,-0.170544,0.197732,9.339715
1755069052740,-0.162834,0.186997,9.336879
1755069052741,-0.164424,0.193949,9.334484
1755069052743,-0.158496,0.19394,9.333632
1755069052745,-0.156696,0.187868,9.335846
1755069052747,-0.161283,0.193691,9.331325
1755069052750,-0.177219,0.20728,9.33031
1755069052752,-0.182362,0.208516,9.329534
1755069052754,-0.174202,0.206361,9.331058
1755069052755,-0.158238,0.204312,9.332589
1755069052758,-0.177142,0.202099,9.344894
1755069052759,-0.183559,0.199887,9.346379
1755069052761,-0.182065,0.186393,9.341716
1755069052763,-0.183808,0.18556,9.33392
1755069052765,-0.185129,0.200481,9.345183
1755069052767,-0.184641,0.204427,9.344205
1755069052769,-0.187198,0.203565,9.340632
1755069052771,-0.191048,0.194007,9.32941
1755069052774,-0.1824,0.186106,9.322217
1755069052775,-0.16814,0.187772,9.325425
1755069052777,-0.169213,0.199858,9.337445
1755069052780,-0.167948,0.194285,9.342625
1755069052783,-0.160641,0.190636,9.342654
1755069052784,-0.168801,0.189171,9.345287
1755069052785,-0.172679,0.194601,9.343823
1755069052787,-0.173656,0.194869,9.337436
1755069052789,-0.17018,0.194878,9.338995
1755069052791,-0.163534,0.188586,9.342136
